tree
version=v4
num_class=1
num_tree_per_iteration=1
label_index=0
max_feature_idx=39
objective=regression
feature_names=return_1 return_3 return_6 return_12 return_24 return_48 return_96 return_288 sma_distance_12 volatility_12 price_z_12 range_position_12 volume_ratio_12 sma_distance_48 volatility_48 price_z_48 range_position_48 volume_ratio_48 sma_distance_96 volatility_96 price_z_96 range_position_96 volume_ratio_96 sma_distance_288 volatility_288 price_z_288 range_position_288 volume_ratio_288 atr_14 rsi_14 body range upper_wick lower_wick taker_fraction trade_ratio_48 time_sin time_cos week_sin week_cos
feature_infos=[-0.13309197127819061:0.10078334808349609] [-0.11203835159540176:0.13158662617206573] [-0.24668668210506439:0.31674250960350037] [-0.29793006181716919:0.29258835315704346] [-0.31450912356376648:0.35844811797142029] [-0.35867175459861755:0.49225378036499023] [-0.35953184962272644:0.62392520904541016] [-0.47058823704719543:0.65004885196685791] [-0.20694181323051453:0.12740746140480042] [2.3941609470057301e-05:0.10201782733201981] [-3.1642203330993652:3.1579537391662598] [0:1] [0:10.579133033752441] [-0.29735854268074036:0.27233561873435974] [0.00010005241347244009:0.054568734019994736] [-6.6516056060791016:6.3553338050842285] [0:1] [0:28.013437271118164] [-0.32766252756118774:0.35613051056861877] [0.00011473889753688127:0.039724968373775482] [-7.9477300643920898:8.3560495376586914] [0:1] [0:35.944175720214844] [-0.39077436923980713:0.48209336400032043] [0.00015183942741714418:0.024606660008430481] [-11.423811912536621:9.5858602523803711] [0:1] [0:53.605026245117188] [2.8194079277454875e-05:0.12980103492736816] [0:1] [-0.13284206390380859:0.10078334808349609] [0:0.23305609822273254] [0:0.20084682106971741] [0:0.074689395725727081] [0.0024031577631831169:0.99423485994338989] [0:26.004205703735352] [-1:1] [-1:1] [-0.97492790222167969:0.97492790222167969] [-0.90096884965896606:1]
tree_sizes=2930 2978 3005 3008 3008 2991 3043 3005 3016 2989 3032 3017 3027 2977 2978 3015 2994 2966 3009 2999 2979 3021 3007 3006 3027 3052 3019 3002 3008 2997 2993 3027 2981 2955 2965 3001 2992 2999 3007 3015 2994 3004

Tree=0
num_leaves=31
num_cat=0
split_feature=18 1 31 27 7 36 32 23 28 7 7 28 9 37 19 36 39 37 13 37 37 25 36 37 18 25 36 37 19 35
split_gain=3.41022e+07 1.75748e+07 8.09943e+06 5.27134e+06 7.0651e+06 3.30396e+06 3.36788e+06 2.8103e+06 2.32563e+06 3.59531e+06 2.6595e+06 6.16728e+06 3.37076e+06 3.54526e+06 3.31205e+06 6.4488e+06 2.91757e+06 2.48626e+06 2.46446e+06 2.47487e+06 2.18343e+06 2.35727e+06 1.96047e+06 1.69854e+06 1.64893e+06 2.76867e+06 2.2296e+06 1.6421e+06 1.58096e+06 1.3129e+06
threshold=-0.063113279640674577 -0.021980495192110535 0.025589582510292534 1.4258852005004885 -0.13435831665992734 0.6835516393184663 0.0027873376384377484 0.0080661517567932623 0.021105545572936538 0.10291413590312005 0.21541757881641391 0.011747638694941999 0.0074074133299291143 -0.60003554821014393 0.0072101340629160413 -0.14132478833198545 0.81174489855766307 -0.18436925113201139 0.0013603294501081111 0.8491516411304475 -0.2693240344524383 1.2435747981071474 0.6835516393184663 0.1413247883319855 -0.051163958385586732 -1.5673077702522276 0.1413247883319855 -0.74455857276916493 0.0056834036950021991 0.70021197199821483
decision_type=2 2 2 2 2 2 2 2 2 2 2 2 2 2 2 2 2 2 2 2 2 2 2 2 2 2 2 2 2 2
left_child=1 2 -1 4 -3 6 -5 24 10 -10 12 20 -9 14 -14 -16 -13 28 19 -19 21 -12 -22 -20 25 26 27 -2 -15 -29
right_child=7 3 -4 5 -6 -7 -8 8 9 -11 11 16 13 17 15 -17 -18 18 23 -21 22 -23 -24 -25 -26 -27 -28 29 -30 -31
leaf_value=4.7109068094479953 4.1197811714697368 -1.1463275713005012 10.872726581482441 2.7352157461075457 4.2600791056985567 1.9306411577969507 6.5414751743842308 1.2448666073461729 5.2860480664160203 1.3089302469751611 2.0517893787163062 -2.1503556936956771 2.0984389589234209 1.8875516418635763 1.6828028849321348 7.6992687694049957 1.0684178773209465 1.9422752982213671 3.0188753140232936 5.1438402177213804 1.403116529222509 -1.5655977698675876 4.2118633071320817 1.0764716748827921 1.1320907303422463 4.0442422959246791 0.49338721327187907 0.046308561841121199 -0.62397790691085842 2.2916622613338484
leaf_weight=401 306 508 424 365 350 454 550 233839 308 547 310 873 1214 320 317 312 356 582 468 339 574 304 350 2376 538115 416 1174 302 679 855
leaf_count=401 306 508 424 365 350 454 550 233839 308 547 310 873 1214 320 317 312 356 582 468 339 574 304 350 2376 538115 416 1174 302 679 855
internal_value=1.1865 4.34117 8.03199 2.92514 1.07884 4.06719 5.08872 1.17416 1.25867 2.80256 1.25311 0.331679 1.26378 1.93099 3.04092 4.77583 -1.23482 1.49565 1.84863 3.17974 1.59848 0.230422 2.50857 1.40666 1.13605 1.82901 1.46068 2.23578 0.178467 1.69615
internal_weight=788288 3052 825 2227 858 1369 915 785236 244068 855 243213 2767 240446 6607 1843 629 1229 4764 3765 921 1538 614 924 2844 541168 3053 2637 1463 999 1157
internal_count=788288 3052 825 2227 858 1369 915 785236 244068 855 243213 2767 240446 6607 1843 629 1229 4764 3765 921 1538 614 924 2844 541168 3053 2637 1463 999 1157
is_linear=0
shrinkage=1


Tree=1
num_leaves=31
num_cat=0
split_feature=18 15 14 37 38 28 37 37 9 7 37 25 21 24 25 37 15 25 37 36 6 38 38 24 36 21 24 37 18 36
split_gain=3.81457e+07 1.55046e+07 9.03243e+06 5.52019e+06 7.14572e+06 3.87857e+06 4.28886e+06 2.49077e+06 2.34269e+06 6.98596e+06 3.82547e+06 3.75434e+06 3.43512e+06 4.59834e+06 6.81534e+06 3.98723e+06 3.74327e+06 3.0878e+06 2.46166e+06 2.28689e+06 2.41352e+06 2.27487e+06 2.27445e+06 3.02865e+06 3.05185e+06 2.88946e+06 2.8253e+06 2.22971e+06 2.17658e+06 2.07755e+06
threshold=-0.063113279640674577 -2.4150314331054683 0.0077592304442077884 -0.72982063889503468 0.87837970256805431 0.014815651811659338 0.45201864838600164 -0.16288578510284421 0.0074074133299291143 0.17402186244726184 -0.86046862602233876 -1.4377184510231016 0.83478468656539928 0.010910729877650739 -0.019389091990888115 -0.29026740789413447 -0.46674795448780054 1.2435747981071474 0.20576497167348864 -0.98658463358879078 -0.066803440451621995 0.6078576147556306 1.0000000180025095e-35 0.0081926956772804278 1.0000000180025095e-35 0.39918431639671331 0.0069482645485550174 -0.65106672048568714 -0.034535478800535195 -0.86046862602233876
decision_type=2 2 2 2 2 2 2 2 2 2 2 2 2 2 2 2 2 2 2 2 2 2 2 2 2 2 2 2 2 2
left_child=1 2 -1 -3 5 -5 7 -7 -2 11 -11 22 13 19 16 -16 -15 -14 -18 -13 -21 -12 23 24 28 26 27 -24 -10 -22
right_child=8 3 -4 4 -6 6 -8 -9 9 10 21 12 17 14 15 -17 18 -19 -20 20 29 -23 25 -25 -26 -27 -28 -29 -30 -31
leaf_value=3.4049885178578867 -0.020754329737034657 4.8548962085819163 10.728032137803922 0.4438805569170382 -2.1453581881610786 3.8100536566979528 6.36874889647813 0.055622102065651609 1.9484131532366691 1.2289826895145355 -1.1642647986810715 2.7965181168041893 -1.6611327363875521 -1.5501979701113455 7.0827954777886699 2.5495806745519767 0.46446174352819264 0.55164960538459284 3.8508584877362715 2.8268822089038212 -0.61151982027928964 -3.5475808614134787 2.1865940113327826 -2.9245499094722134 -1.3811586269604996 -1.9822218314162243 3.0378888334718139 -0.52873397374949671 -0.584144401274583 0.71893453913798866
leaf_weight=313 765643 528 333 606 388 309 303 309 632 453 1428 438 824 368 312 448 420 1714 348 396 1284 480 374 453 1149 313 457 863 561 5611
leaf_count=313 765643 528 333 606 388 309 303 309 632 453 1428 438 824 368 312 448 420 1714 348 396 1284 480 374 453 1149 313 457 863 561 5611
internal_value=0.00061838 3.31708 7.38867 2.18918 1.41162 2.33147 3.53763 1.99343 -0.0125167 0.313519 -1.20888 0.526563 0.806611 1.06505 2.38241 4.54448 0.882355 -0.174134 2.05771 0.736571 0.60551 -1.79442 -0.183175 -0.734248 -0.289414 0.583936 1.07568 0.313959 0.7675 0.470123
internal_weight=788058 3089 646 2443 1915 1527 921 618 784969 19326 2361 16965 12163 9625 1896 760 1136 2538 768 7729 7291 1908 4802 2795 2342 2007 1694 1237 1193 6895
internal_count=788058 3089 646 2443 1915 1527 921 618 784969 19326 2361 16965 12163 9625 1896 760 1136 2538 768 7729 7291 1908 4802 2795 2342 2007 1694 1237 1193 6895
is_linear=0
shrinkage=0.03


Tree=2
num_leaves=31
num_cat=0
split_feature=18 15 14 14 24 37 14 23 18 25 24 37 28 25 16 38 37 27 39 28 38 3 23 24 6 26 11 27 5 13
split_gain=3.18059e+07 1.24264e+07 1.07076e+07 4.7344e+06 1.13705e+07 3.027e+06 2.68127e+06 2.47065e+06 2.10066e+06 2.55472e+06 2.08483e+06 8.81742e+06 4.35411e+06 4.13617e+06 2.15644e+06 2.66133e+06 1.83631e+06 1.8077e+06 1.60893e+06 1.68184e+06 4.44419e+06 1.62158e+06 1.43416e+06 1.52422e+06 1.30245e+06 1.28496e+06 1.24856e+06 1.21781e+06 1.21039e+06 1.53284e+06
threshold=-0.063113279640674577 -2.4150314331054683 0.0077592304442077884 0.013832231983542444 0.0096393921412527579 -0.24825246632099149 0.0066709362436085948 0.0071408764924854049 -0.044736489653587334 -1.4377184510231016 0.010910729877650739 -0.71473535895347584 0.01251137536019087 1.381583094596863 0.73757699131965648 -1.0000000180025095e-35 0.58244305849075328 0.99234676361083995 0.81174489855766307 0.01693794131278992 -0.60785761475563038 0.022221548482775692 -0.083403322845697389 0.0058921107556670913 0.076861519366502776 0.096156753599643721 0.43939472734928137 1.8301501274108889 0.090840518474578871 0.039450412616133697
decision_type=2 2 2 2 2 2 2 2 2 2 2 2 2 2 2 2 2 2 2 2 2 2 2 2 2 2 2 2 2 2
left_child=1 2 -1 4 6 -5 -3 8 9 17 18 12 -12 14 15 -13 -8 25 19 -9 -21 -20 23 -19 -23 -2 -27 -22 29 -10
right_child=7 3 -4 5 -6 -7 16 10 28 -11 11 13 -14 -15 -16 -17 -18 22 21 20 27 24 -24 -25 -26 26 -28 -29 -30 -31
leaf_value=2.4892566521218948 0.52155006171762941 0.35093441458378294 10.43474579382065 5.703141597264505 -3.8495689223210019 1.6448461776219883 2.1936290903042712 0.028837287799249677 -0.056850944833095607 2.0613741570652602 0.89302755160911651 -0.68651360753783597 5.5933198060085099 -2.343020966499247 -1.231932788431793 2.3638991720182081 5.1120140677057204 2.3303445194417161 0.18748254282439614 1.5954579146370957 -1.2496368149222292 1.4671908520189014 0.19056790847180138 0.18047811769431046 -0.2160213189066148 -2.8581707804352043 -0.37468045849645082 -3.9976785230884948 -1.8510362759638113 1.4943307042001173
leaf_weight=306 420 438 321 409 313 305 659 215903 521325 801 313 379 418 541 381 736 300 681 35144 315 311 1586 2913 521 551 325 401 304 318 554
leaf_count=306 420 438 321 409 313 305 659 215903 521325 801 313 379 418 541 381 736 300 681 35144 315 311 1586 2913 521 551 325 401 304 318 554
internal_value=-0.000829361 3.04627 6.75386 2.03984 1.15846 4.06161 2.31902 -0.0127475 -0.0498575 0.504473 0.0635644 0.879484 3.65813 -0.143535 0.672285 1.33321 3.19236 0.260522 0.0546083 0.023298 -1.23621 0.236605 0.553844 1.4167 1.03522 -0.784157 -1.53326 -2.69115 -0.0563116 -0.0551471
internal_weight=788192 3051 627 2424 1710 714 1397 785141 528259 6062 256882 2768 731 2037 1496 1115 959 5261 254114 216833 930 37281 4115 1202 2137 1146 726 615 522197 521879
internal_count=788192 3051 627 2424 1710 714 1397 785141 528259 6062 256882 2768 731 2037 1496 1115 959 5261 254114 216833 930 37281 4115 1202 2137 1146 726 615 522197 521879
is_linear=0
shrinkage=0.03


Tree=3
num_leaves=31
num_cat=0
split_feature=18 15 28 38 24 23 18 36 14 24 7 21 9 18 36 9 3 39 8 7 28 36 15 6 12 36 36 23 13 24
split_gain=3.34748e+07 1.42069e+07 1.05104e+07 5.60302e+06 3.78204e+06 2.30683e+06 2.74785e+06 2.84626e+06 2.59748e+06 2.23994e+06 7.58176e+06 4.38924e+06 4.34855e+06 6.58522e+06 1.82243e+06 1.94657e+06 1.66629e+06 1.61695e+06 2.17366e+06 1.8963e+06 2.48816e+06 2.97423e+06 1.88222e+06 1.2866e+06 1.17083e+06 1.19551e+06 1.15634e+06 1.0497e+06 4.09703e+06 1.16094e+06
threshold=-0.063113279640674577 -2.1008077859878536 0.01693794131278992 0.87837970256805431 0.010910729877650739 0.0057131552603095779 -0.051163958385586732 0.20576497167348864 0.0051608297508209952 0.010910729877650739 0.17402186244726184 0.75002196431159984 0.0070484410971403131 0.048306737095117576 -0.41268247365951533 0.0078477491624653357 -0.0019940815400332208 0.81174489855766307 0.0068115831818431625 0.21541757881641391 0.010099169332534077 0.098011311143636717 0.83088159561157238 0.057560905814170844 0.63305971026420604 -0.84915164113044728 0.054511256515979774 -0.10383784398436545 -0.0091029745526611788 0.0069482645485550174
decision_type=2 2 2 2 2 2 2 2 2 2 2 2 2 2 2 2 2 2 2 2 2 2 2 2 2 2 2 2 2 2
left_child=1 2 26 4 14 6 7 8 -2 17 12 16 23 -14 -3 -16 -12 19 -19 -7 22 -22 -21 -11 -10 -26 -1 28 -8 -29
right_child=5 3 -4 -5 -6 9 27 -9 24 10 11 -13 13 -15 15 -17 -18 18 -20 20 21 -23 -24 -25 25 -27 -28 29 -30 -31
leaf_value=4.6374210482124889 -0.25012558093214771 3.3491390498691391 9.7274812873651708 -1.1708490552444284 5.2393854428529743 0.026453899338788209 -2.9356827099942104 -0.21098491727744356 0.72522515494636319 1.3092781061576222 -1.2732604115268338 -3.9101786828203404 5.2641357366970141 0.66880507475006956 -0.95553721748158593 1.9350577599029712 1.7731773713468775 0.14350667339880449 0.82151725294734912 1.781660387072507 -3.8951016202887558 -0.41393262556002985 -1.2562987658843188 -1.131243796634875 1.2326133143265137 3.6111643711098087 1.8536654660207199 -0.059620463237724797 0.98279075885849432 0.26813213308782735
leaf_weight=307 475 392 396 472 340 233992 477 1307 324 409 301 338 597 527 314 557 306 34904 4829 361 401 476 335 336 310 628 303 492722 450 9903
leaf_count=307 475 392 396 472 340 233992 477 1307 324 409 301 338 597 527 314 557 306 34904 4829 361 401 476 335 336 310 628 303 492722 450 9903
internal_value=0.000816838 3.11162 6.00566 1.6646 2.50364 -0.0114761 -0.0495868 0.846111 1.63487 0.0579431 0.897057 -1.27513 1.99723 3.15892 1.69698 0.894926 0.270079 0.0493014 0.226281 0.0194334 -1.01213 -2.05702 0.325177 0.207788 2.33719 2.86722 3.35741 -0.0550347 -1.05293 -0.0531525
internal_weight=787789 3081 1006 2075 1603 784708 506596 3044 1737 278112 2814 945 1869 1124 1263 871 607 275298 39733 235565 1573 877 696 745 1262 938 610 503552 927 502625
internal_count=787789 3081 1006 2075 1603 784708 506596 3044 1737 278112 2814 945 1869 1124 1263 871 607 275298 39733 235565 1573 877 696 745 1262 938 610 503552 927 502625
is_linear=0
shrinkage=0.03


Tree=4
num_leaves=31
num_cat=0
split_feature=18 15 14 36 36 14 23 18 36 19 17 19 24 37 23 36 5 36 39 8 14 37 19 19 27 39 5 37 26 21
split_gain=2.86927e+07 1.36287e+07 1.0922e+07 5.65605e+06 7.60899e+06 2.10429e+06 2.10199e+06 2.0469e+06 2.82296e+06 2.40649e+06 1.66823e+06 3.88444e+06 1.65067e+06 1.09825e+07 5.40231e+06 4.67901e+06 2.694e+06 3.14209e+06 1.36914e+06 1.71325e+06 1.35037e+06 2.75994e+06 4.14308e+06 2.31816e+06 2.24262e+06 1.76058e+06 1.49433e+06 2.40825e+06 1.66354e+06 1.87683e+06
threshold=-0.063113279640674577 -2.1008077859878536 0.0097247981466352957 -0.81279832124710072 -0.3317298144102096 0.0066709362436085948 0.0058956635184586057 -0.051163958385586732 0.22706275433301928 0.0051970968488603839 0.89554947614669811 0.0096929511055350321 0.010910729877650739 -0.71473535895347584 0.033963166177272804 -0.076279435306787477 0.037697071209549911 0.56457334756851207 0.81174489855766307 0.0081281675957143324 0.0073296278715133676 -0.22706275433301923 0.0096929511055350321 0.0081300279125571268 3.099499106407166 -0.56174489110708226 0.032329261302948005 0.39271505177021032 0.74277839064598095 0.85586628317832958
decision_type=2 2 2 2 2 2 2 2 2 2 2 2 2 2 2 2 2 2 2 2 2 2 2 2 2 2 2 2 2 2
left_child=1 2 5 -3 -5 -1 7 8 9 -2 -6 -12 18 15 -15 -14 -16 -18 20 -20 -8 22 23 25 26 -22 -23 -28 -29 -30
right_child=6 3 -4 4 10 -7 12 -9 -10 -11 11 -13 13 14 16 -17 17 -19 19 -21 21 24 -24 -25 -26 -27 27 28 29 -31
leaf_value=1.4872468338349114 0.20826900518049915 -1.5794253464178605 10.344293400402421 5.8538082557162339 2.543202483982705 4.9161820375656378 0.030783347752572972 -0.052829409756030843 -0.33718342319165151 2.4586633104698117 1.8425940714317581 -2.3419162963395532 0.97953962903883718 2.2092625784358462 -0.13159616708498292 5.8999778497953939 -4.4788710612011329 -0.37760339610685001 0.1465645385498921 0.82074796666077687 0.35194522198448835 1.0553118768065859 -3.9880510705667187 1.0574492412576308 -2.230034788225451 -2.2892305372470201 1.3352748321250927 -2.8097460960680589 0.8319209697774147 -1.7287111022898667
leaf_weight=306 746 420 304 383 432 388 227350 506888 1285 995 506 302 304 535 878 418 358 310 35589 3732 331 1334 403 487 331 672 578 309 546 454
leaf_count=306 746 420 304 383 432 388 227350 506888 1285 995 506 302 304 535 878 418 358 310 35589 3732 331 1334 403 487 331 672 578 309 546 454
internal_value=-0.000817099 2.89806 5.7389 1.46814 2.26641 3.4883 -0.012123 -0.0481721 0.727201 1.50771 1.08304 0.259792 0.0547388 0.776446 -0.33777 3.91046 -1.23614 -2.64189 0.0472482 0.210937 0.0195841 -0.44643 -1.3651 -0.612244 0.0480672 -1.42778 0.294489 -0.248796 -0.957824 -0.341708
internal_weight=787874 3041 998 2043 1623 694 784833 509914 3026 1741 1240 808 274919 2803 2081 722 1546 668 272116 39321 232795 5445 1893 1490 3552 1003 3221 1887 1309 1000
internal_count=787874 3041 998 2043 1623 694 784833 509914 3026 1741 1240 808 274919 2803 2081 722 1546 668 272116 39321 232795 5445 1893 1490 3552 1003 3221 1887 1309 1000
is_linear=0
shrinkage=0.03


Tree=5
num_leaves=31
num_cat=0
split_feature=18 15 14 37 38 6 23 18 36 19 7 28 26 27 28 37 36 2 39 39 38 7 23 25 36 16 37 14 28 19
split_gain=2.75185e+07 1.40999e+07 8.33943e+06 5.45769e+06 8.45842e+06 3.2437e+06 2.12445e+06 2.23041e+06 4.19606e+06 2.21599e+06 2.01503e+06 3.77525e+06 3.52532e+06 3.26392e+06 3.0108e+06 3.47587e+06 1.87682e+06 1.78401e+06 2.73649e+06 1.78002e+06 1.76042e+06 1.95985e+06 1.67586e+06 1.52704e+06 1.63916e+06 1.52249e+06 1.43401e+06 1.27609e+06 2.74176e+06 1.24533e+06
threshold=-0.063113279640674577 -2.4150314331054683 0.0077592304442077884 -0.74455857276916493 0.87837970256805431 -0.10130058228969573 0.0080661517567932623 -0.044736489653587334 0.22706275433301928 0.0039331458974629649 0.21541757881641391 0.013452557381242515 0.69048523902893078 1.5039842128753664 0.010099169332534077 -0.86046862602233876 0.6835516393184663 -0.0004583317349897697 1.0000000180025095e-35 0.81174489855766307 1.0000000180025095e-35 0.12439076602458955 -0.083403322845697389 1.1760320663452151 0.4904943853616715 0.4364189505577088 -0.74455857276916493 0.011052998714149 0.01251137536019087 0.0081300279125571268
decision_type=2 2 2 2 2 2 2 2 2 2 2 2 2 2 2 2 2 2 2 2 2 2 2 2 2 2 2 2 2 2
left_child=1 2 -1 -3 5 16 7 8 9 -2 11 -8 13 25 23 -16 -5 18 -14 27 -19 -22 -7 -12 -25 -13 -11 28 -17 -9
right_child=6 3 -4 4 -6 22 10 29 -10 26 14 12 17 -15 15 19 -18 20 -20 -21 21 -23 -24 24 -26 -27 -28 -29 -30 -31
leaf_value=3.023320976692951 -0.24110848226421272 4.397641006726027 10.084718130736478 4.5298806800942151 -2.8317570924845294 -0.82825808862747219 0.057736132444951078 -0.04585834852901037 -0.40976236559210949 2.8511355270438306 1.9801969859956039 1.8392147315976148 2.9764319439112028 0.045222616264833274 1.0986867687100796 -1.2372366960659391 1.5422616944736149 0.91109045643382558 -0.34322338172605821 -0.48006085733930798 0.0011706801635377546 -3.0173594886744395 2.0544224853515627 -1.853244471966113 1.1354154104785581 4.772646867173413 1.1992576485061632 -0.92440329915149644 -4.8019214975396185 -0.46661313383620273
leaf_weight=317 756 530 316 453 394 386 237976 528436 2498 615 412 314 463 342 399 366 366 624 409 507 490 300 310 303 319 412 2150 310 443 6388
leaf_count=317 756 530 316 453 394 386 237976 528436 2498 615 412 314 463 342 399 366 366 624 409 507 490 300 310 303 319 412 2150 310 443 6388
internal_value=-0.000137142 2.82449 6.74935 1.75925 0.988743 2.00628 -0.0112593 -0.0444294 0.528892 1.19338 0.0621449 0.071869 1.06835 2.47468 -0.700489 -1.36849 3.26335 0.395559 1.44661 -1.9799 -0.263749 -1.19131 0.477216 0.608874 -0.332854 3.58724 1.58451 -2.63908 -3.25798 -0.0509012
internal_weight=788304 3072 633 2439 1909 1515 785232 540843 6019 3521 244389 241330 3354 1068 3059 2025 819 2286 872 1626 1414 790 696 1034 622 726 2765 1119 809 534824
internal_count=788304 3072 633 2439 1909 1515 785232 540843 6019 3521 244389 241330 3354 1068 3059 2025 819 2286 872 1626 1414 790 696 1034 622 726 2765 1119 809 534824
is_linear=0
shrinkage=0.03


Tree=6
num_leaves=31
num_cat=0
split_feature=18 1 31 38 9 36 23 7 24 37 21 28 37 39 37 23 18 7 36 13 38 28 37 24 38 24 23 7 6 19
split_gain=2.93108e+07 1.20891e+07 7.12034e+06 4.23642e+06 2.57061e+06 2.05062e+06 1.87478e+06 2.01056e+06 4.78706e+06 6.55454e+06 5.15832e+06 3.65259e+06 2.94863e+06 2.06422e+06 1.92623e+06 1.74885e+06 1.74463e+06 2.38841e+06 2.17846e+06 1.37862e+06 2.66667e+06 2.66788e+06 2.24439e+06 1.96829e+06 1.70235e+06 3.36294e+06 1.37464e+06 1.30777e+06 1.30137e+06 1.27342e+06
threshold=-0.063113279640674577 -0.021980495192110535 0.025589582510292534 0.87837970256805431 0.0078477491624653357 0.69930991530418407 0.0058956635184586057 0.21541757881641391 0.010910729877650739 -0.71473535895347584 0.82804042100906383 0.010099169332534077 -0.86046862602233876 0.81174489855766307 -0.18436925113201139 0.032930653542280204 -0.051163958385586732 -0.021000032313168045 0.22706275433301928 0.020852930843830112 1.0000000180025095e-35 0.01693794131278992 0.93585023283958446 0.0081926956772804278 0.87837970256805431 0.0073027305770665416 -0.083403322845697389 0.10896387696266176 -0.10130058228969573 0.0081300279125571268
decision_type=2 2 2 2 2 2 2 2 2 2 2 2 2 2 2 2 2 2 2 2 2 2 2 2 2 2 2 2 2 2
left_child=1 2 -1 4 -3 28 16 8 19 -10 15 14 -13 -14 -9 -11 17 18 26 -8 21 23 24 -21 27 -26 -2 -22 -6 -18
right_child=6 3 -4 -5 5 -7 7 11 9 10 -12 12 13 -15 -16 -17 29 -19 -20 20 22 -23 -24 -25 25 -27 -28 -29 -30 -31
leaf_value=2.8390836485402962 2.2042730977775666 0.7663779649137249 8.5757451744078939 -0.82321252770864273 5.1625408774977313 1.365410643420049 0.028291626852853614 -0.73053188228446408 4.470733555245789 3.3676319223465621 -1.9520010063294755 0.77808774341311715 -2.7453674049611831 -0.40353341599189957 1.8077201906629088 0.81395477638086855 -0.045188331568133774 2.8131156462828315 -0.64664107069948706 0.58206847713046805 -0.026484496884864185 3.2732763141090118 -1.4106622338804213 -1.5898397385798966 0.19728354975365237 2.8000582980611961 0.36069146451332801 -1.1688765370890575 2.422655288677277 -0.45944633787087591
leaf_weight=392 575 600 434 451 448 400 247864 462 484 351 496 412 1104 496 597 745 500629 385 1145 10965 4211 304 1006 370 3163 501 963 1128 328 6749
leaf_count=392 575 600 434 451 448 400 247864 462 484 351 496 412 1104 496 597 745 500629 385 1145 10965 4211 304 1006 370 3163 501 963 1128 328 6749
internal_value=-0.000941076 2.92325 5.98474 1.74457 2.39854 3.20454 -0.0123864 0.0508103 0.059465 1.48764 0.536498 -0.710008 -1.45565 -2.03334 0.707365 1.67748 -0.0463917 0.664533 0.337686 0.0483545 0.277831 0.586202 -0.0812127 0.508497 0.0701383 0.566445 1.06939 -0.271305 4.09441 -0.0507166
internal_weight=788158 3053 826 2227 1776 1176 785105 274659 271588 2076 1592 3071 2012 1600 1059 1096 510446 3068 2683 269512 21648 11639 10009 11335 9003 3664 1538 5339 776 507378
internal_count=788158 3053 826 2227 1776 1176 785105 274659 271588 2076 1592 3071 2012 1600 1059 1096 510446 3068 2683 269512 21648 11639 10009 11335 9003 3664 1538 5339 776 507378
is_linear=0
shrinkage=0.03


Tree=7
num_leaves=31
num_cat=0
split_feature=18 31 25 7 27 28 1 36 36 23 7 28 24 37 21 37 39 18 36 37 21 4 37 37 23 36 13 38 37 16
split_gain=2.80449e+07 1.05868e+07 9.37297e+06 3.3859e+06 5.16396e+06 2.10613e+06 2.02115e+06 2.30117e+06 1.98015e+06 1.69721e+06 1.95908e+06 4.04159e+06 2.93207e+06 4.22767e+06 4.3269e+06 2.91154e+06 2.07812e+06 1.85288e+06 3.44501e+06 2.3313e+06 2.12243e+06 1.93955e+06 1.73186e+06 1.62807e+06 1.54538e+06 1.4542e+06 1.44352e+06 2.38067e+06 1.97508e+06 1.29294e+06
threshold=-0.063113279640674577 0.025589582510292534 -2.6370009183883663 -0.13435831665992734 1.4640735387802126 0.014815651811659338 -0.021980495192110535 0.58244305849075328 0.010907442308962408 0.006517337867990137 0.21541757881641391 0.011071696411818268 0.010910729877650739 -0.71473535895347584 0.82804042100906383 -0.88186877965927113 0.81174489855766307 -0.044736489653587334 0.20576497167348864 -0.77296444773674 0.14844426512718203 -0.035628767684102051 -0.18436925113201139 0.20576497167348864 0.032930653542280204 0.63435554504394542 0.022079845890402797 1.0000000180025095e-35 0.93585023283958446 0.29720014333724981
decision_type=2 2 2 2 2 2 2 2 2 2 2 2 2 2 2 2 2 2 2 2 2 2 2 2 2 2 2 2 2 2
left_child=1 3 -3 4 -1 8 7 -2 -5 17 12 22 26 -14 24 -13 -17 18 19 21 23 -8 -12 -20 -15 -24 -11 -28 -29 -22
right_child=6 2 -4 5 -6 -7 9 -9 -10 10 11 15 13 14 -16 16 -18 -19 20 -21 29 -23 25 -25 -26 -27 27 28 -30 -31
leaf_value=-1.8553483918808737 1.4290180881266012 9.3571284727462345 2.9111258932017132 3.3841163468360902 2.3686251499040991 4.3897994009111487 0.95358730820616666 -0.8681370017798834 0.30972139021816208 0.029942948058692333 -0.72131956069974179 0.84167856501668592 3.6343140736344406 3.1485404102980916 -1.8991847436178113 -3.1318113960760536 -0.51459490215961967 -0.049332527753344131 1.3444522773154282 0.71427672716052404 -2.4319735825006195 4.2552448112348262 0.32135888712071037 -0.74556426516709873 0.66198813260477196 2.9613203224124551 0.60836805718518006 0.090947507838582103 -1.3744368276463972 -0.25047002160536719
leaf_weight=464 1674 345 521 334 545 449 321 496 413 240994 587 311 468 327 476 895 402 512171 720 2562 516 332 462 596 682 303 10348 7861 905 459
leaf_count=464 1674 345 521 334 545 449 321 496 413 240994 587 311 468 327 476 895 402 512171 720 2562 516 332 462 596 682 303 10348 7861 905 459
internal_value=0.00194656 2.85392 5.63236 1.72188 0.427876 2.78857 -0.00928496 0.900821 1.73675 -0.0118311 0.0499086 -0.71497 0.0586019 1.21075 0.408813 -1.72246 -2.34075 -0.0434391 0.502967 1.13363 -0.3842 2.7088 0.490933 0.400918 1.51337 1.4158 0.0498587 0.300667 -0.0631228 -1.43067
internal_weight=787939 3071 866 2205 1009 1196 784868 2170 747 782698 265021 2960 262061 1953 1485 1608 1297 517677 5506 3215 2291 653 1352 1316 1009 765 260108 19114 8766 975
internal_count=787939 3071 866 2205 1009 1196 784868 2170 747 782698 265021 2960 262061 1953 1485 1608 1297 517677 5506 3215 2291 653 1352 1316 1009 765 260108 19114 8766 975
is_linear=0
shrinkage=0.03


Tree=8
num_leaves=31
num_cat=0
split_feature=18 15 14 37 24 28 18 23 24 37 7 20 7 28 37 14 36 7 36 36 36 31 20 4 14 37 23 6 19 37
split_gain=2.18524e+07 1.03725e+07 6.03062e+06 3.92044e+06 5.0085e+06 3.7259e+06 1.72301e+06 1.84806e+06 2.16321e+06 5.95797e+06 3.57392e+06 2.28118e+06 1.8949e+06 4.93092e+06 2.61135e+06 2.12601e+06 4.15465e+06 2.83374e+06 1.88479e+06 2.83539e+06 1.82804e+06 2.01484e+06 1.61004e+06 1.41506e+06 1.35476e+06 1.38202e+06 1.6245e+06 1.59215e+06 1.32184e+06 4.00031e+06
threshold=-0.063113279640674577 -2.4150314331054683 0.0077592304442077884 -0.72982063889503468 0.0096393921412527579 0.014815651811659338 -0.051163958385586732 0.0058956635184586057 0.013075615745037796 -0.83743050694465626 0.07215773314237596 0.71517601609230053 0.21541757881641391 0.011747638694941999 -0.2693240344524383 0.011052998714149 0.11969653144478799 0.11546864360570909 0.50938662886619579 -0.41268247365951533 0.22706275433301928 0.015650429762899879 -1.7397108078002927 0.02785837929695845 0.0082380482926964777 -0.076279435306787477 0.083874057978391661 0.057560905814170844 0.0081300279125571268 -0.16288578510284421
decision_type=2 2 2 2 2 2 2 2 2 2 2 2 2 2 2 2 2 2 2 2 2 2 2 2 2 2 2 2 2 2
left_child=1 2 -1 -3 5 -5 20 28 12 -10 -11 -12 15 14 -14 23 17 -17 19 -15 21 -2 -6 24 -9 27 -27 -26 -8 -30
right_child=6 3 -4 4 22 -7 7 8 9 10 11 -13 13 18 -16 16 -18 -19 -20 -21 -22 -23 -24 -25 25 26 -28 -29 29 -31
leaf_value=2.7796966384734936 0.67135491413257564 3.8232797578486433 8.8967396194897592 0.4496852498811405 0.34071634360106595 3.7024534260976703 -0.03959279643115076 0.035394129014376829 4.8262258569896224 2.3105740949886813 0.54478098517753815 -3.0465529475064002 -1.0805859264050071 -3.1846925740746892 1.4913685395675418 4.4125730252539617 -1.0373051580326669 0.76922211075000624 -4.1482112375626192 0.18914862476502145 -0.16748044691901745 2.8952005608492684 -2.6222218473277485 0.31039840397581336 -0.40927425774512155 -0.96804742886395789 1.5122571670468328 -3.3823355649164846 -1.3503433912489529 0.13506562876641806
leaf_weight=314 1338 544 300 658 312 603 499712 250507 300 385 301 306 588 405 838 372 427 397 305 470 1303 495 321 17252 335 676 341 306 2705 4059
leaf_count=314 1338 544 300 658 312 603 499712 250507 300 385 301 306 588 405 838 372 427 397 305 470 1303 495 321 17252 335 676 341 306 2705 4059
internal_value=0.00145288 2.52674 5.95485 1.62196 0.956351 2.03865 -0.00844038 -0.011267 0.0514147 1.26667 0.116088 -1.30511 0.0455757 -0.756429 0.430566 0.0533543 1.30495 2.59885 -2.17415 -1.40873 0.691113 1.29667 -1.19611 0.0477017 0.029706 -0.819887 -0.123275 -1.88795 -0.0452413 -0.461196
internal_weight=787175 3052 614 2438 1894 1261 784123 780987 274511 1292 992 607 273219 2606 1426 270613 1196 769 1180 875 3136 1833 633 269417 252165 1658 1017 641 506476 6764
internal_count=787175 3052 614 2438 1894 1261 784123 780987 274511 1292 992 607 273219 2606 1426 270613 1196 769 1180 875 3136 1833 633 269417 252165 1658 1017 641 506476 6764
is_linear=0
shrinkage=0.03


Tree=9
num_leaves=31
num_cat=0
split_feature=18 27 14 11 7 36 18 36 14 36 23 39 7 24 37 24 25 25 6 26 24 22 6 37 36 37 14 36 25 5
split_gain=2.09457e+07 1.28711e+07 6.32524e+06 7.54003e+06 5.6428e+06 4.02213e+06 2.08515e+06 1.91686e+06 2.639e+06 1.84947e+06 1.81392e+06 2.06723e+06 2.72051e+06 3.5798e+06 5.98374e+06 2.98428e+06 2.24898e+06 2.88592e+06 2.00871e+06 1.99836e+06 1.90273e+06 1.89403e+06 1.84068e+06 4.23497e+06 3.94226e+06 2.97807e+06 1.70752e+06 1.70389e+06 1.60511e+06 1.43733e+06
threshold=-0.063113279640674577 2.2427917718887334 0.0066709362436085948 0.11445844173431398 -0.13435831665992734 0.16288578510284427 -0.051163958385586732 0.22706275433301928 0.0051608297508209952 1.0000000180025095e-35 0.0080661517567932623 0.81174489855766307 0.17402186244726184 0.010910729877650739 -0.60003554821014393 0.0063672978430986413 0.83057793974876415 2.3765243291854863 0.05180895887315274 0.69048523902893078 0.0054525497835129508 0.72519955039024364 0.065308023244142546 -0.77296444773674 0.77296444773674022 -0.22706275433301923 0.0077592304442077884 -0.74455857276916493 -2.4702285528182979 0.012594762723892929
decision_type=2 2 2 2 2 2 2 2 2 2 2 2 2 2 2 2 2 2 2 2 2 2 2 2 2 2 2 2 2 2
left_child=1 4 -3 -4 5 -1 7 8 -2 -5 -8 12 13 -12 -15 -14 19 21 -16 -17 -13 -18 23 -22 29 -24 -6 -10 -29 -25
right_child=6 2 3 9 26 -7 10 -9 27 -11 11 20 15 14 18 16 17 -19 -20 -21 22 -23 25 24 -26 -27 -28 28 -30 -31
leaf_value=-2.5355303306699688 -0.50031212253829604 1.2702567690911881 9.5661057605819639 5.4724297186596411 0.99472978233673626 1.2127736735057257 -0.041914870776850292 -0.10526809082047493 0.81899608386001455 2.0984321187273798 0.026274516398955054 0.19523520952870485 0.19003541184801731 5.0342852482463405 1.9528274042433627 -1.4606595967423102 -1.2698604086309042 0.71270748176782017 -0.77768242589895731 1.8622537928535179 4.4781419964270155 -3.3200325637528372 -1.3001388615455189 0.89599383504641306 3.6895135696223704 1.3566750744235616 3.8994837273823646 1.3466187132360079 4.2453507502543761 -1.16133794109029
leaf_weight=516 477 381 324 309 342 479 538172 1317 578 337 201532 33111 1935 319 401 302 832 325 554 310 343 853 678 734 326 813 419 331 409 494
leaf_count=516 477 381 324 309 342 479 538172 1317 578 337 201532 33111 1935 319 401 302 832 325 554 310 343 853 678 734 326 813 419 331 409 494
internal_value=0.00169346 2.45212 4.63142 5.8993 0.742171 -0.742729 -0.00806564 0.764457 1.39671 3.82818 -0.0111593 0.0567123 0.0200564 0.0363763 1.60925 -0.703232 -1.3589 -1.83962 0.385385 0.228183 0.264841 -2.33449 0.939965 1.55492 0.861006 0.147329 2.65296 2.08048 3.01831 0.0630222
internal_weight=788253 3107 1351 970 1756 995 785146 3112 1795 646 782034 243862 207363 202806 1274 4557 2622 2010 955 612 36499 1685 3388 1897 1554 1491 761 1318 740 1228
internal_count=788253 3107 1351 970 1756 995 785146 3112 1795 646 782034 243862 207363 202806 1274 4557 2622 2010 955 612 36499 1685 3388 1897 1554 1491 761 1318 740 1228
is_linear=0
shrinkage=0.03


Tree=10
num_leaves=31
num_cat=0
split_feature=18 27 38 14 37 25 11 27 23 18 25 39 24 6 37 37 22 23 24 16 8 24 8 19 37 26 25 24 37 23
split_gain=1.95026e+07 1.00543e+07 6.9083e+06 6.6465e+06 2.63272e+06 1.93609e+06 1.63178e+06 1.6189e+06 1.54076e+06 1.58347e+06 2.04962e+06 1.48965e+06 1.68957e+06 1.99675e+06 3.0911e+06 2.80976e+06 1.32899e+06 1.26073e+06 2.14633e+06 3.74955e+06 1.8848e+06 1.19406e+06 1.33149e+06 1.1423e+06 4.66902e+06 3.92163e+06 3.20983e+06 3.07157e+06 3.71273e+06 2.94001e+06
threshold=-0.063113279640674577 1.9843187332153323 0.87837970256805431 0.013832231983542444 0.47136868536472326 -1.8568543195724485 0.15173871815204623 1.3892484307289126 0.0055130675900727519 -0.051163958385586732 -1.5673077702522276 0.81174489855766307 0.0054525497835129508 0.049394873902201659 -0.74455857276916493 -0.43245348334312433 0.83502957224845897 0.11852745339274408 0.013075615745037796 0.74801269173622142 0.018909089267253879 0.0050532594323158273 0.0050132626201957473 0.0081300279125571268 -0.18436925113201139 0.43751169741153723 -1.3560364842414854 0.0069482645485550174 0.98279649019241344 -0.083403322845697389
decision_type=2 2 2 2 2 2 2 2 2 2 2 2 2 2 2 2 2 2 2 2 2 2 2 2 2 2 2 2 2 2
left_child=1 2 5 4 6 7 -3 -1 9 10 16 17 21 14 -14 -15 -2 18 -10 -20 -19 22 -13 27 26 -26 29 -11 -29 -25
right_child=8 3 -4 -5 -6 -7 -8 -9 11 23 -12 12 13 15 -16 -17 -18 20 19 -21 -22 -23 -24 24 25 -27 -28 28 -30 -31
leaf_value=-0.35477330720205918 -0.91459373582051195 3.1113786454768997 -2.8255974732823383 7.7272850964450033 4.6814302770002385 3.6227074890420758 0.2992972091002058 2.3192419978595145 0.018922366730172571 -0.048204792069584564 2.5136101070392343 0.0959082684403227 4.246758616419509 -1.2694245303943059 0.94968613455308859 1.1037893064553541 0.67832967802990962 -0.17791065564436889 3.0701747630077194 -1.0242213235484867 -2.1715596606435983 -1.2559429684277157 0.58945343342009282 -1.1551370324801939 0.86432081582511866 -1.0756130713458809 -0.62842486735739245 0.47009920671865862 3.7418704049146458 -4.5496336494190128
leaf_weight=416 593 366 371 337 466 341 367 371 237259 488872 428 30898 300 731 1380 1097 2035 1672 512 311 555 513 5834 500 2729 1404 1758 4961 314 436
leaf_count=416 593 366 371 337 466 341 367 371 237259 488872 428 30898 300 731 1380 1097 2035 1672 512 311 555 513 5834 500 2729 1404 1758 4961 314 436
internal_value=-0.000900243 2.39141 0.62879 4.08139 2.94667 1.79437 1.74877 0.932023 -0.0102091 -0.041592 0.637002 0.046069 0.213736 0.841303 1.58148 0.151296 0.314698 0.0176197 0.0242929 1.53537 -0.689662 0.154207 0.174574 -0.0457568 -0.430597 0.20331 -1.39744 -0.0404227 0.678253 -2.79844
internal_weight=788127 3035 1499 1536 1199 1128 733 787 785092 504030 3056 281062 40753 3508 1680 1828 2628 240309 238082 823 2227 37245 36732 500974 6827 4133 2694 494147 5275 936
internal_count=788127 3035 1499 1536 1199 1128 733 787 785092 504030 3056 281062 40753 3508 1680 1828 2628 240309 238082 823 2227 37245 36732 500974 6827 4133 2694 494147 5275 936
is_linear=0
shrinkage=0.03


Tree=11
num_leaves=31
num_cat=0
split_feature=18 1 9 7 38 14 36 18 23 24 21 9 7 36 35 39 7 24 38 19 28 39 24 18 2 5 18 39 31 18
split_gain=1.98499e+07 1.03851e+07 5.84365e+06 3.74824e+06 4.66327e+06 2.51041e+06 2.39282e+06 1.719e+06 1.70862e+06 1.44744e+06 4.67296e+06 3.73219e+06 1.4259e+06 1.43779e+06 1.42227e+06 1.29956e+06 1.91083e+06 3.41217e+06 2.96499e+06 2.02142e+06 1.67007e+06 3.78193e+06 3.65386e+06 1.57677e+06 1.458e+06 1.23839e+06 1.13998e+06 5.92339e+06 2.65604e+06 1.22341e+06
threshold=-0.063113279640674577 -0.021980495192110535 0.011529905255883934 -0.13435831665992734 0.87837970256805431 0.0077592304442077884 0.69930991530418407 -0.051163958385586732 0.0078249215148389357 0.013075615745037796 0.83146393299102794 0.010039989836513998 -0.021987527608871456 0.22706275433301928 1.7299926877021792 0.81174489855766307 0.17402186244726184 0.0063672978430986413 -0.87837970256805409 0.0096929511055350321 0.013452557381242515 1.0000000180025095e-35 0.0096393921412527579 0.035979721695184715 0.001174120348878205 0.032329261302948005 0.028331409208476547 1.0000000180025095e-35 0.013500050175935032 0.039269182831048972
decision_type=2 2 2 2 2 2 2 2 2 2 2 2 2 2 2 2 2 2 2 2 2 2 2 2 2 2 2 2 2 2
left_child=1 2 -1 4 6 -5 -3 12 26 15 11 -11 13 14 -2 16 20 25 -19 -20 -10 22 24 -23 -22 -18 -9 28 -28 -29
right_child=7 3 -4 5 -6 -7 -8 8 9 10 -12 -13 -14 -15 -16 -17 17 18 19 -21 21 23 -24 -25 -26 -27 27 29 -30 -31
leaf_value=2.5341063951313223 0.46219284350077994 2.4604718643765313 7.6666260143057432 1.2416595315358236 -2.8564016778098522 4.1706917331154862 -0.80948393836848131 -0.038311207832172733 0.024685079371259445 0.52666024695300873 -1.5341686904118108 4.3902120976715251 2.1962209218338562 -0.3951032803796114 2.5453058387283649 0.21380706203933353 1.1077025085445553 1.0399541097545624 -1.2089736453543261 -3.3759283639688946 2.1682163009913435 0.59098129377968533 4.3423813310433328 -2.3202542677859799 -0.17564808157266215 -0.3962281599153134 -1.1601978417619654 0.19925234940222331 -4.3687761852022868 2.6578134201028769
leaf_weight=422 1148 537 417 624 321 470 303 532766 203122 519 419 386 462 1122 383 36656 891 355 1268 566 393 303 353 337 560 1057 834 400 315 320
leaf_count=422 1148 537 417 624 321 470 303 532766 203122 519 419 386 462 1122 383 36656 891 355 1268 566 393 303 353 337 560 1057 834 400 315 320
internal_value=0.00152867 2.39199 5.20418 1.30912 0.114299 2.5523 1.28956 -0.00795457 -0.0107656 0.0544557 1.03631 2.23383 0.693132 0.416907 1.00941 0.0490845 0.0202048 -0.616572 -1.42393 -1.90693 0.0331099 0.903287 1.81999 -0.965824 0.815619 0.295924 -0.0409211 -0.776605 -2.09953 1.33425
internal_weight=788029 3094 839 2255 1161 1094 840 784935 781820 247185 1324 905 3115 2653 1531 245861 209205 4137 2189 1834 205068 1946 1306 640 953 1948 534635 1869 1149 720
internal_count=788029 3094 839 2255 1161 1094 840 784935 781820 247185 1324 905 3115 2653 1531 245861 209205 4137 2189 1834 205068 1946 1306 640 953 1948 534635 1869 1149 720
is_linear=0
shrinkage=0.03


Tree=12
num_leaves=31
num_cat=0
split_feature=6 31 36 38 4 1 23 24 18 36 36 14 23 7 24 37 5 16 36 13 38 7 14 36 5 29 36 9 37 9
split_gain=1.7587e+07 1.14098e+07 7.74417e+06 5.72358e+06 3.96014e+06 1.96858e+06 2.29714e+06 2.34116e+06 1.74305e+06 1.8741e+06 1.99395e+06 1.84784e+06 1.81309e+06 1.68675e+06 2.97659e+06 5.92216e+06 4.17201e+06 2.4775e+06 3.27939e+06 1.67764e+06 2.1699e+06 1.9919e+06 2.00849e+06 1.66354e+06 1.44146e+06 1.64824e+06 1.50484e+06 1.42879e+06 1.3864e+06 1.3684e+06
threshold=-0.10130058228969573 0.025589582510292534 -0.16288578510284421 0.87837970256805431 -0.046481510624289506 -0.021980495192110535 -0.10383784398436545 0.0081926956772804278 -0.044736489653587334 0.1413247883319855 -0.86046862602233876 0.004883331013843418 0.0080661517567932623 0.21541757881641391 0.010910729877650739 -0.71473535895347584 0.054684020578861244 0.81273114681243908 0.26932403445243841 0.019745438359677795 1.0000000180025095e-35 0.11546864360570909 0.0082380482926964777 0.52803644537925731 -0.042287599295377724 0.24920621514320376 -0.68355163931846608 0.010039989836513998 0.52803644537925731 0.0040429886430501947
decision_type=2 2 2 2 2 2 2 2 2 2 2 2 2 2 2 2 2 2 2 2 2 2 2 2 2 2 2 2 2 2
left_child=1 3 -3 4 27 23 7 -7 9 10 -8 -12 -10 14 19 -16 28 29 -19 -14 -21 22 -22 24 -2 -26 -27 -1 -17 -15
right_child=5 2 -4 -5 -6 6 8 -9 12 -11 11 -13 13 17 15 16 -18 18 -20 20 21 -23 -24 -25 25 26 -28 -29 -30 -31
leaf_value=2.1585135186077795 2.3727006699509854 8.4901317848478044 2.2406170087730977 -2.0895951054109765 0.83292224124195624 0.36370412340336605 -0.0263275664182504 -2.6242469449217531 -0.042349844406366521 -0.12212669593359671 0.12640856559208827 2.1223977221778974 0.029136473095867196 1.722146890659825 4.0694728826185473 2.3871991610889163 -1.9027532339580429 -3.3412671694078018 0.21621674915063469 0.5634252015500848 0.065511097947561256 -0.86950757008416757 1.9723168042547661 -0.50792502578508336 -1.1266222332970337 -0.19653226772724594 2.3668867930642321 5.1146294101108012 0.13533764869491863 -0.39457679884518282
leaf_weight=345 674 365 369 376 1205 381 1105 582 532910 2312 587 1448 214880 309 474 544 503 556 388 12627 8543 1979 508 607 328 342 488 326 441 1651
leaf_count=345 674 365 369 376 1205 381 1105 582 532910 2312 587 1448 214880 309 474 544 503 556 388 12627 8543 1979 508 607 328 342 488 326 441 1651
internal_value=0.00200297 2.29231 5.49112 1.21055 1.88705 -0.00676525 -0.00942748 -1.45875 -0.00760489 0.525949 1.00088 1.55348 -0.0113655 0.0564701 0.0651725 1.22298 0.274291 -0.659749 -1.90493 0.0555476 0.295217 -0.0122888 0.176646 0.84073 1.28824 0.627478 1.33086 3.70119 1.40176 -0.0468442
internal_weight=788153 2986 734 2252 1876 785167 782728 963 781765 5452 3140 2035 776313 243403 240499 1962 1488 2904 944 238537 23657 11030 9051 2439 1832 1158 830 671 985 1960
internal_count=788153 2986 734 2252 1876 785167 782728 963 781765 5452 3140 2035 776313 243403 240499 1962 1488 2904 944 238537 23657 11030 9051 2439 1832 1158 830 671 985 1960
is_linear=0
shrinkage=0.03


Tree=13
num_leaves=31
num_cat=0
split_feature=5 15 37 37 25 23 28 25 28 26 38 37 37 21 24 26 24 21 29 19 26 10 26 5 25 25 5 19 37 5
split_gain=1.50022e+07 1.82041e+07 6.17196e+06 5.34451e+06 6.42211e+06 6.36533e+06 5.11403e+06 2.96425e+06 1.73969e+06 5.97679e+06 3.13495e+06 7.41884e+06 5.48218e+06 4.96033e+06 4.47184e+06 4.04443e+06 3.55002e+06 2.98384e+06 2.4298e+06 2.16882e+06 2.04145e+06 2.0505e+06 1.62789e+06 1.55922e+06 2.13388e+06 1.35416e+06 2.07256e+06 2.06058e+06 5.60862e+06 2.48673e+06
threshold=-0.077312938868999467 -1.8836823701858518 -0.71473535895347584 0.60003554821014415 -2.4042354822158809 -0.10383784398436545 0.014815651811659338 -2.6370009183883663 0.014815651811659338 0.8852943778038026 0.6078576147556306 -0.45201864838600153 0.6835516393184663 0.4339273869991303 0.0087271830998361128 0.38265542685985571 0.0096393921412527579 0.42693142592906957 0.36080618202686315 0.0096929511055350321 0.69048523902893078 0.64449992775917064 0.25298583507537847 -0.037052471190690987 -2.0609562397003169 -0.87012520432472218 -0.045629972591996186 0.0081300279125571268 -0.84915164113044728 0.01808437425643206
decision_type=2 2 2 2 2 2 2 2 2 2 2 2 2 2 2 2 2 2 2 2 2 2 2 2 2 2 2 2 2 2
left_child=1 6 -3 4 -4 -6 -1 -8 25 10 15 14 16 -14 -12 17 -13 22 -17 -11 21 -20 23 24 -10 27 -27 -2 -29 -30
right_child=8 2 3 -5 5 -7 7 -9 9 19 11 12 13 -15 -16 18 -18 -19 20 -21 -22 -23 -24 -25 -26 26 -28 28 29 -31
leaf_value=2.339164565644352 -0.064202705725653134 3.4671899967688065 1.3627646484287514 2.0405407774065907 -6.0411406883866814 -0.42125576302986739 9.075209219139234 4.4404556008156186 1.404881369029086 -0.31455521914866064 -0.16885432308066847 -1.1358027879528978 3.3589265581688363 -1.9173631366948098 4.4002884660360611 -0.34990460184862815 -5.0909287611868201 -1.5481712378106254 4.6352337583068772 -3.5020723393444833 1.4771002866684861 1.7305581481423642 2.8165507815724715 2.0941261344327837 -1.8623709151917425 1.0722978805884154 0.0097104086563485088 -3.7781140046264183 -0.67536986050205505 1.9790224371755376
leaf_weight=359 220234 467 422 541 345 367 319 314 306 365 366 462 302 301 384 312 369 579 554 396 994 412 314 307 383 1637 552329 475 2035 356
leaf_count=359 220234 467 422 541 345 367 319 314 306 365 366 462 302 301 384 312 369 579 554 396 994 412 314 307 383 1637 552329 475 2035 356
internal_value=0.000339754 2.06522 0.493786 -0.366346 -1.53007 -3.23503 5.38157 6.98255 -0.00796517 0.458643 0.761391 -0.158434 -1.41797 0.748155 2.22408 1.24263 -2.97042 0.212472 2.08981 -2.02044 2.47778 3.45662 1.00223 0.386058 -0.412615 -0.0122438 0.012889 -0.0746452 -0.871081 -0.267015
internal_weight=787306 3134 2142 1675 1134 712 992 633 784172 7106 6345 2184 1434 603 750 4161 831 1889 2272 761 1960 966 1310 996 689 777066 553966 223100 2866 2391
internal_count=787306 3134 2142 1675 1134 712 992 633 784172 7106 6345 2184 1434 603 750 4161 831 1889 2272 761 1960 966 1310 996 689 777066 553966 223100 2866 2391
is_linear=0
shrinkage=0.03


Tree=14
num_leaves=31
num_cat=0
split_feature=18 20 6 38 24 36 24 9 7 25 37 38 24 4 36 38 14 24 37 22 9 18 7 7 39 3 26 37 36 28
split_gain=1.62802e+07 1.12112e+07 8.12468e+06 5.83512e+06 5.04206e+06 1.86221e+06 3.96907e+06 1.38357e+06 5.28669e+06 3.58028e+06 3.48009e+06 2.68057e+06 3.63393e+06 3.30626e+06 2.80506e+06 2.61112e+06 6.7335e+06 4.1286e+06 6.345e+06 4.69855e+06 2.42115e+06 2.17532e+06 2.07794e+06 1.70849e+06 1.66997e+06 1.82049e+06 1.52277e+06 1.50541e+06 1.84023e+06 1.71059e+06
threshold=-0.063113279640674577 -2.5045680999755855 -0.10130058228969573 0.87837970256805431 0.010910729877650739 -0.35222910344600672 0.0077089630067348489 0.0074074133299291143 0.17402186244726184 -1.376043379306793 -0.91080963611602772 1.0000000180025095e-35 0.0081926956772804278 -0.016900281421840187 1.0000000180025095e-35 0.6078576147556306 0.013832231983542444 0.010910729877650739 -0.74455857276916493 0.69140538573265087 0.014477054122835399 -0.032285511493682854 -0.10888491570949553 -0.10888491570949553 0.81174489855766307 0.012994271237403156 0.21306407451629641 -0.56457334756851185 -0.97854062914848317 0.01251137536019087
decision_type=2 2 2 2 2 2 2 2 2 2 2 2 2 2 2 2 2 2 2 2 2 2 2 2 2 2 2 2 2 2
left_child=1 2 -1 4 5 -3 -7 -2 9 11 -10 12 14 23 21 17 27 20 -19 -20 -11 -9 -21 -13 25 -12 -15 29 -29 -17
right_child=7 3 -4 -5 -6 6 -8 8 10 15 24 13 -14 26 -16 16 -18 18 19 22 -22 -23 -24 -25 -26 -27 -28 28 -30 -31
leaf_value=8.072813994119997 -0.012662155814318257 2.4699368042257053 2.3420767503686326 -1.8960501882183549 4.8790582785097989 1.5432733395365645 -2.5988871780820193 1.7299188421437373 1.5474751142478738 0.5102356395190194 -3.2390199644870057 -1.6286591377931987 -3.0535249014857975 3.8505325088108546 -1.3821934988746913 0.29757554130523162 -3.6323274973637001 5.4899160125714914 3.5953419564740128 -2.0249645284151381 2.9206780315137073 -0.73553553751679424 1.0720257665709445 0.49905574122365087 -0.1529284122475971 -1.0628261180872023 0.82061460585505863 2.2139047106612812 -0.17020078464436975 2.5749908398314392
leaf_weight=394 765345 433 534 480 354 576 300 708 362 5533 673 479 518 302 1156 633 371 416 452 311 384 562 455 1045 534 750 304 310 2473 549
leaf_count=394 765345 433 534 480 354 576 300 708 362 5533 673 479 518 302 1156 633 371 416 452 311 384 562 455 1045 534 750 304 310 2473 549
internal_value=0.00222366 2.17516 4.89415 0.963371 1.80142 0.908223 0.0983784 -0.00633639 0.244526 0.428476 -1.09303 -0.238008 -0.822185 0.569555 -0.324677 0.712889 0.125235 1.04911 2.37579 1.24067 0.67598 0.644418 -0.2049 -0.182129 -1.59218 -2.12267 2.40535 0.493291 0.109268 1.3806
internal_weight=787696 3071 928 2143 1663 1309 876 784625 19280 16961 2319 5074 2944 2130 2426 11887 4336 7551 1634 1218 5917 1270 766 1524 1957 1423 606 3965 2783 1182
internal_count=787696 3071 928 2143 1663 1309 876 784625 19280 16961 2319 5074 2944 2130 2426 11887 4336 7551 1634 1218 5917 1270 766 1524 1957 1423 606 3965 2783 1182
is_linear=0
shrinkage=0.03


Tree=15
num_leaves=31
num_cat=0
split_feature=18 15 14 38 24 9 37 23 5 4 7 24 37 24 5 16 19 9 19 26 39 36 6 37 14 19 13 38 37 14
split_gain=1.68577e+07 8.67811e+06 5.99253e+06 3.9347e+06 4.21505e+06 2.42322e+06 2.12283e+06 1.40832e+06 1.46167e+06 3.552e+06 1.43406e+06 5.00903e+06 5.62213e+06 3.43568e+06 3.33227e+06 2.96497e+06 4.1774e+06 2.40934e+06 2.1886e+06 2.07073e+06 1.81952e+06 1.65618e+06 3.27243e+06 1.92137e+06 1.83385e+06 1.74247e+06 1.47991e+06 1.85194e+06 1.85988e+06 1.65544e+06
threshold=-0.063113279640674577 -2.4150314331054683 0.0077592304442077884 0.87837970256805431 0.010910729877650739 0.0078477491624653357 0.43245348334312445 0.0025211784522980456 0.090840518474578871 0.065408442169427886 0.17402186244726184 0.010910729877650739 -0.71473535895347584 0.0077089630067348489 0.054684020578861244 0.86223962903022777 0.010926144663244488 0.0070484410971403131 0.008812751621007921 0.81567484140396129 -0.56174489110708226 0.076279435306787505 0.032803930342197425 -0.6343555450439452 0.0082380482926964777 0.0051970968488603839 0.020852930843830112 1.0000000180025095e-35 0.94331136345863353 0.0082380482926964777
decision_type=2 2 2 2 2 2 2 2 2 2 2 2 2 2 2 2 2 2 2 2 2 2 2 2 2 2 2 2 2 2
left_child=1 2 -1 4 5 -3 -7 8 9 -2 11 26 -13 21 17 16 18 -14 20 -18 -15 22 -12 -23 -24 -25 -9 -28 29 -29
right_child=7 3 -4 -5 -6 6 -8 10 -10 -11 13 12 14 15 -16 -17 19 -19 -20 -21 -22 23 24 25 -26 -27 27 28 -30 -31
leaf_value=2.1345440653217791 -0.044724792859462764 -0.28957338513074249 8.0368753634831993 -0.85834451693169611 4.8075300907720946 1.160749732658116 4.1676166146641673 0.020624338097301985 -2.0671223351220105 2.5536421834856649 1.5444431569928574 4.3840786230862134 0.11446637050004187 -2.1557428115273725 -1.328114551443851 -3.2502258986930435 2.4218941194483152 3.0837331515720408 -2.8877772762078409 -0.74577105742859029 0.49464656352034075 -0.81744505154592695 -0.54228097972454947 0.030660403927081616 -3.1796739084558054 2.3929862109649185 0.54338859332440914 -0.009853030844018569 -1.3174952699342706 1.5251611329254533
leaf_weight=318 447915 560 323 544 369 671 306 307180 301 454 518 460 479 381 498 494 431 489 653 303 543 410 885 444 310 748 11215 8076 886 666
leaf_count=318 447915 560 323 544 369 671 306 307180 301 454 518 460 479 381 498 494 431 489 653 303 543 410 885 444 310 748 11215 8076 886 666
internal_value=8.81658e-05 2.20409 5.26191 1.36793 2.00566 1.27988 2.16722 -0.00864909 -0.0434307 -0.04198 0.037786 0.0462369 1.56379 -0.416494 0.631747 -1.18537 -0.719884 1.6465 -1.58387 1.12916 -0.620728 0.237299 -0.409202 0.925116 -1.26754 1.52809 0.0372317 0.281734 -0.0235448 0.110305
internal_weight=787830 3091 641 2450 1906 1537 977 784739 448670 448369 336069 329949 1926 6120 1466 2805 2311 968 1577 734 924 3315 1713 1602 1195 1192 328023 20843 9628 8742
internal_count=787830 3091 641 2450 1906 1537 977 784739 448670 448369 336069 329949 1926 6120 1466 2805 2311 968 1577 734 924 3315 1713 1602 1195 1192 328023 20843 9628 8742
is_linear=0
shrinkage=0.03


Tree=16
num_leaves=31
num_cat=0
split_feature=18 27 1 9 7 38 36 9 7 25 37 21 24 38 4 24 36 7 18 24 25 37 16 16 36 39 29 36 38 15
split_gain=1.38032e+07 9.41662e+06 6.23163e+06 5.79557e+06 5.40123e+06 4.13389e+06 1.98894e+06 1.64813e+06 4.90788e+06 3.14549e+06 3.04388e+06 2.36626e+06 2.68965e+06 2.20409e+06 4.05232e+06 2.70243e+06 2.84551e+06 2.15703e+06 2.02398e+06 1.80185e+06 4.3017e+06 3.79908e+06 3.38858e+06 2.28302e+06 1.70458e+06 1.64678e+06 1.69605e+06 1.62665e+06 1.53415e+06 1.43916e+06
threshold=-0.063113279640674577 1.7315137386322024 -0.021980495192110535 0.011529905255883934 -0.07852213084697722 0.6078576147556306 -0.29026740789413447 0.0074074133299291143 0.17402186244726184 -1.376043379306793 -0.90159028768539418 0.83146393299102794 0.013075615745037796 1.0000000180025095e-35 -0.017530906014144417 0.0081926956772804278 -1.0000000180025095e-35 -0.11966032162308692 -0.032285511493682854 0.010910729877650739 -0.019389091990888115 -0.3317298144102096 0.38596615195274359 0.69260329008102428 -0.98990321159362782 0.81174489855766307 0.67543584108352672 -0.93585023283958424 -1.0000000180025095e-35 -1.9858999848365781
decision_type=2 2 2 2 2 2 2 2 2 2 2 2 2 2 2 2 2 2 2 2 2 2 2 2 2 2 2 2 2 2
left_child=1 4 3 -3 5 -1 -4 -2 9 13 -10 19 27 15 17 16 18 -15 -9 24 22 -22 -21 -24 -11 26 -12 -13 -18 -26
right_child=7 2 6 -5 -6 -7 -8 8 10 11 25 12 -14 14 -16 -17 28 -19 -20 20 21 -23 23 -25 29 -27 -28 -29 -30 -31
leaf_value=0.71643421280842556 -0.014136530702580738 2.7539234643873201 3.6173518750954998 8.6094738600166831 3.4448972990969629 -3.0980396783581634 1.0070228057882269 1.7211887384239948 1.4139855329699926 2.7126256971745875 -2.6941055768770514 2.0291786733785067 -2.5565584327834983 -2.1548805401410167 2.5849629134139378 -2.6258973651437296 -0.37258106334799013 0.39601639068466971 -0.6608075175755902 -1.9325484291489783 6.0025905818715684 1.6513000768358692 3.000918863910254 -0.23387137680747713 2.3489490707130991 -0.072105088638973996 -0.44636561415272374 -0.074888248815212721 -2.5564247366517154 0.50784859314668462
leaf_weight=552 766311 336 416 308 301 447 720 724 374 350 985 379 324 387 607 520 670 1101 550 328 300 466 438 339 388 544 445 1924 501 6611
leaf_count=552 766311 336 416 308 301 447 720 724 374 350 985 379 324 387 607 520 670 1101 550 328 300 466 438 339 388 544 445 1924 501 6611
internal_value=0.000638592 1.99855 3.4037 5.72937 0.0521423 -1.01765 2.00896 -0.00724537 0.266739 0.445448 -1.01296 0.712521 -0.0813738 -0.180195 0.561546 -0.704542 -0.277921 -0.287203 0.698535 0.938407 1.76695 3.46484 0.549275 1.61915 0.723244 -1.48235 -2.01044 0.285863 -1.33415 0.616315
internal_weight=788646 3080 1780 644 1300 999 1136 785566 19255 16907 2348 11847 2627 5060 2095 2965 2445 1488 1274 9220 1871 766 1105 777 7349 1974 1430 2303 1171 6999
internal_count=788646 3080 1780 644 1300 999 1136 785566 19255 16907 2348 11847 2627 5060 2095 2965 2445 1488 1274 9220 1871 766 1105 777 7349 1974 1430 2303 1171 6999
is_linear=0
shrinkage=0.03


Tree=17
num_leaves=31
num_cat=0
split_feature=18 14 24 31 14 5 6 9 7 24 16 19 36 19 19 28 36 13 7 26 5 24 36 14 6 31 3 22 23 6
split_gain=1.637e+07 6.37407e+06 6.75264e+06 4.5508e+06 3.52064e+06 2.55833e+06 2.71571e+06 1.20064e+06 2.38161e+06 2.47648e+06 2.99124e+06 3.77072e+06 2.63052e+06 2.46919e+06 2.30008e+06 2.08091e+06 2.55194e+06 2.73028e+06 4.34662e+06 4.0894e+06 3.71948e+06 3.72225e+06 3.27562e+06 2.68118e+06 3.03508e+06 1.98388e+06 1.71421e+06 1.70504e+06 1.45797e+06 1.40777e+06
threshold=-0.063113279640674577 0.013832231983542444 0.0096393921412527579 0.025589582510292534 0.0066709362436085948 -0.077312938868999467 -0.10130058228969573 0.0044900258071720609 0.17402186244726184 0.0077089630067348489 0.81273114681243908 0.010926144663244488 -0.54643493890762318 0.0051970968488603839 0.008812751621007921 0.014815651811659338 -0.87137606739997853 -0.012139147613197563 -0.11966032162308692 0.19593229889869693 0.090840518474578871 0.010910729877650739 0.35222910344600683 0.013832231983542444 0.038682468235492713 0.014507197774946691 -0.011328685097396372 0.82452365756034862 -0.10383784398436545 0.01579092908650637
decision_type=2 2 2 2 2 2 2 2 2 2 2 2 2 2 2 2 2 2 2 2 2 2 2 2 2 2 2 2 2 2
left_child=1 2 4 -3 -1 6 -6 -2 15 12 11 14 -10 -14 27 28 23 18 19 -18 21 -19 25 24 26 -20 -17 -11 -9 -23
right_child=7 3 -4 -5 5 -7 -8 8 9 10 -12 -13 13 -15 -16 16 17 20 22 -21 -22 29 -24 -25 -26 -27 -28 -29 -30 -31
leaf_value=0.24918782155697161 -0.017547541668004932 1.8520377119702676 -2.179349570117227 6.5810969935626948 5.2903238545517421 0.89490115221973288 1.8417169122943062 -1.5602891466371966 -1.214821519945614 1.1302627550341753 -2.8688739016422522 1.3620570389497137 -1.1847394632614725 1.666683697463424 -2.7640596753048103 0.78801603671963227 0.34715248874047905 1.1754172570787778 0.6893104883530452 -4.1969347415147 -0.46322750432574333 4.8142518068559061 -0.9948349944154794 -2.3283738598943149 2.7289285233010387 3.7271748217226173 -2.3049307258289167 -1.8275720111998144 0.11307176773960895 2.0952776472153287
leaf_weight=630 707965 352 384 417 504 388 390 452 751 363 668 610 349 1068 613 306 390 1260 369 304 583 487 379 436 324 414 304 304 66713 336
leaf_count=630 707965 352 384 417 504 388 390 452 751 363 668 610 349 1068 613 306 390 1260 369 304 583 487 379 436 324 414 304 304 66713 336
internal_value=0.00330854 2.18436 1.37041 4.51825 2.09851 2.98952 3.85912 -0.00525458 0.106609 -0.544675 -1.17323 -0.550155 0.200894 0.957678 -1.46838 0.148878 0.688495 1.0311 0.144628 -1.70515 1.64257 2.23076 1.25956 -0.440929 0.47049 2.34836 -0.777626 -0.231794 0.101349 3.78024
internal_weight=788813 3065 2296 769 1912 1282 894 785748 77783 4726 2558 1890 2168 1417 1280 73057 5892 4522 1856 694 2666 2083 1162 1370 934 783 610 667 67165 823
internal_count=788813 3065 2296 769 1912 1282 894 785748 77783 4726 2558 1890 2168 1417 1280 73057 5892 4522 1856 694 2666 2083 1162 1370 934 783 610 667 67165 823
is_linear=0
shrinkage=0.03


Tree=18
num_leaves=31
num_cat=0
split_feature=18 15 19 36 36 36 36 24 18 7 23 23 36 39 7 24 24 37 6 19 19 26 5 39 20 37 24 36 16 3
split_gain=1.44783e+07 6.86415e+06 5.57984e+06 4.70496e+06 1.02161e+07 4.45974e+06 3.93285e+06 1.76153e+06 1.66291e+06 1.61068e+06 1.3849e+06 1.37613e+06 1.49101e+06 1.37092e+06 2.14411e+06 3.35498e+06 2.69026e+06 5.09421e+06 2.94323e+06 2.13522e+06 5.29254e+06 3.58367e+06 1.78061e+06 2.33454e+06 1.53698e+06 3.37015e+06 1.51909e+06 2.1258e+06 1.89172e+06 1.5636e+06
threshold=-0.063113279640674577 -2.4150314331054683 0.0068786807823926219 -0.81279832124710072 -0.29026740789413447 0.22706275433301928 0.61734244227409374 0.0077089630067348489 -0.051163958385586732 -0.020522731356322762 0.0078249215148389357 -0.083403322845697389 0.22706275433301928 0.81174489855766307 0.17402186244726184 0.0063672978430986413 0.010910729877650739 -0.68355163931846608 0.05180895887315274 0.010926144663244488 0.0096929511055350321 0.78993570804595958 0.010081403888761999 -0.56174489110708226 1.1504936218261721 -0.50938662886619557 0.0054525497835129508 0.93585023283958446 0.67852589488029491 0.0051570548675954351
decision_type=2 2 2 2 2 2 2 2 2 2 2 2 2 2 2 2 2 2 2 2 2 2 2 2 2 2 2 2 2 2
left_child=1 2 -1 -3 -5 -6 -7 -8 9 11 -10 12 -2 14 16 24 -12 -18 -19 20 22 -21 23 -17 25 -16 -15 28 29 -28
right_child=8 3 -4 4 5 6 7 -9 10 -11 13 -13 -14 26 15 19 17 18 -20 21 -22 -23 -24 -25 -26 -27 27 -29 -30 -31
leaf_value=1.730292148556974 2.2634157981271881 -1.320675452842857 7.4693567895819362 5.6165367536322597 -2.4590416085369444 4.202570077103787 1.6704583804253692 -1.0381963031459376 -0.034374626858527588 2.3400559162358356 0.027712887240019794 -0.17045229454848754 0.074308209998483671 0.15926160670277009 -0.95587685953269541 -1.7384279690596569 4.6690749870863106 2.1509920501494677 -1.0876018756108405 2.2624782982946097 -5.0496362379026483 -2.0570751233799576 -1.8157198603603475 1.6801917039861332 -0.37281867276854663 2.8942511385360792 0.67662679579801621 3.0281264101499823 -0.28398178464160906 2.7715083011497148
leaf_weight=304 559 475 321 491 303 328 435 393 534791 434 204809 1567 545 33447 335 308 302 425 565 342 344 311 1047 378 1139 476 1260 335 1318 420
leaf_count=304 559 475 321 491 303 328 435 393 534791 434 204809 1567 545 33447 335 308 302 425 565 342 344 311 1047 378 1139 476 1260 335 1318 420
internal_value=0.00357707 2.05977 4.81809 1.31527 1.96424 0.675799 1.52532 0.390664 -0.00445955 0.686201 -0.00721812 0.402079 1.20329 0.0514445 0.0219453 -0.611636 0.0363902 1.39054 0.317767 -1.28684 -1.75342 0.205238 -1.04898 0.139535 0.337114 1.31915 0.220396 0.829276 0.565135 1.22679
internal_weight=788507 3050 625 2425 1950 1459 1156 828 785457 3105 782352 2671 1104 247561 210781 4680 206101 1292 990 2730 2077 653 1733 686 1950 811 36780 3333 2998 1680
internal_count=788507 3050 625 2425 1950 1459 1156 828 785457 3105 782352 2671 1104 247561 210781 4680 206101 1292 990 2730 2077 653 1733 686 1950 811 36780 3333 2998 1680
is_linear=0
shrinkage=0.03


Tree=19
num_leaves=31
num_cat=0
split_feature=6 20 14 24 5 36 37 23 24 18 36 36 9 36 24 21 37 19 25 14 37 19 25 21 25 24 6 9 23 36
split_gain=1.18026e+07 1.36598e+07 5.09771e+06 7.29416e+06 2.99121e+06 2.64538e+06 2.57603e+06 2.31698e+06 2.54124e+06 2.4562e+06 2.65364e+06 2.23878e+06 1.77072e+06 1.72421e+06 1.67239e+06 8.50682e+06 7.11926e+06 6.60063e+06 3.66785e+06 3.02131e+06 2.90097e+06 4.83247e+06 1.35323e+06 1.41151e+06 1.28646e+06 1.97707e+06 1.21979e+06 1.17885e+06 1.13122e+06 1.0924e+06
threshold=-0.10130058228969573 -2.5045680999755855 0.013832231983542444 0.0096393921412527579 -0.077312938868999467 -0.09801131114363669 -0.20576497167348859 -0.10383784398436545 0.0081926956772804278 -0.044736489653587334 0.18436925113201144 -0.65106672048568714 0.0067565878853201875 -0.87137606739997853 0.010910729877650739 0.82804042100906383 -0.9686339497566222 0.010926144663244488 1.4556958675384524 0.0097247981466352957 -0.47136868536472315 0.013435858301818373 -2.6370009183883663 0.17323440313339236 -0.7937009036540984 0.0096393921412527579 0.00072712710243649792 0.0051985413301736125 -0.073072373867034898 -0.54643493890762318
decision_type=2 2 2 2 2 2 2 2 2 2 2 2 2 2 2 2 2 2 2 2 2 2 2 2 2 2 2 2 2 2
left_child=1 -1 3 4 -3 -4 -6 8 -2 10 12 -10 28 -14 24 16 -16 -17 19 26 -21 -22 27 -24 25 -11 -18 -12 -9 -28
right_child=7 2 5 -5 6 -7 -8 9 11 14 22 -13 13 -15 15 17 18 -19 -20 20 21 -23 23 -25 -26 -27 29 -29 -30 -31
leaf_value=6.943902324584581 0.48028895341680095 3.0287704968243205 4.390069713389825 -3.798169424287801 2.0063714925418221 0.9613772831776346 -1.0716743351086508 1.591881332239232 -4.2016176797217986 -0.069639766438412173 0.52458138808491639 -0.83342469839740996 0.20111486925910679 2.3768918704986568 5.4043250640808642 0.4997497247133641 1.2576173219109605 -4.3867862446395893 -1.9804761772579267 4.7933325756043192 3.6478078474651934 -0.7972499033589574 1.2115020782770354 -0.80618965384762653 0.010430237151987024 -1.9180316477958326 1.140051717942093 -1.4899903668284138 0.016779676404349221 -0.96828635198776958
leaf_weight=393 425 450 474 324 379 367 613 562 321 233855 364 397 448 1243 315 499 759 469 360 300 410 439 858 467 538895 502 301 837 1393 696
leaf_count=393 425 450 474 324 379 367 613 562 321 233855 364 397 448 1243 315 499 759 469 360 300 410 439 858 467 538895 502 301 837 1393 696
internal_value=-0.00175503 1.8701 1.05819 0.133888 1.05725 2.95093 0.120724 -0.00895503 -1.347 -0.0069699 0.588166 -2.41232 1.10374 1.80955 -0.0117074 0.560625 1.23519 -1.90867 0.802512 1.15858 2.34088 1.38391 -0.158837 0.498948 -0.0150881 -0.0737624 0.367313 -0.880821 0.481106 -0.321865
internal_weight=788115 3000 2607 1766 1442 841 992 785115 1143 783972 6172 718 3646 1691 777800 4548 3580 968 3265 2905 1149 849 2526 1325 773252 234357 1756 1201 1955 997
internal_count=788115 3000 2607 1766 1442 841 992 785115 1143 783972 6172 718 3646 1691 777800 4548 3580 968 3265 2905 1149 849 2526 1325 773252 234357 1756 1201 1955 997
is_linear=0
shrinkage=0.03


Tree=20
num_leaves=31
num_cat=0
split_feature=18 20 6 3 27 7 36 9 7 25 21 36 36 14 24 25 25 6 6 5 6 13 16 20 19 7 23 19 36 29
split_gain=1.12525e+07 8.92079e+06 7.93794e+06 5.06891e+06 3.56637e+06 3.2757e+06 1.86957e+06 1.18839e+06 5.01371e+06 3.00569e+06 2.76848e+06 2.74558e+06 3.70334e+06 3.04983e+06 2.71388e+06 4.65122e+06 2.56293e+06 2.34728e+06 2.06056e+06 1.95754e+06 1.85328e+06 1.71179e+06 3.13134e+06 1.69531e+06 1.6329e+06 1.61219e+06 1.57763e+06 1.82539e+06 1.5113e+06 1.87605e+06
threshold=-0.063113279640674577 -2.5045680999755855 -0.10130058228969573 0.0015152196283452215 1.596688508987427 -0.13435831665992734 -0.3317298144102096 0.0074074133299291143 0.17402186244726184 -1.4377184510231016 0.83146393299102794 0.5464349389076234 -0.20576497167348859 0.0097247981466352957 0.010910729877650739 -0.019389091990888115 1.2435747981071474 0.065308023244142546 -0.039715042337775223 0.061177760362625129 0.014664553105831148 -0.0093648103065788729 0.64672860503196727 0.58170077204704296 0.008812751621007921 0.058400273323059089 0.056839982047677047 0.0056834036950021991 0.33172981441020971 0.52365812659263622
decision_type=2 2 2 2 2 2 2 2 2 2 2 2 2 2 2 2 2 2 2 2 2 2 2 2 2 2 2 2 2 2
left_child=1 2 -1 4 5 -3 -6 -2 9 28 14 12 -10 -14 18 21 19 -17 -11 -12 24 -16 -23 -22 -20 -18 27 -25 -9 -30
right_child=7 3 -4 -5 6 -7 -8 8 11 10 16 -13 13 -15 15 17 25 -19 20 -21 23 22 -24 26 -26 -27 -28 -29 29 -31
leaf_value=7.3330137160474145 -0.012983191465286642 -2.8403281367866735 1.7527876258053279 4.1114576100398379 3.0870129727772304 0.84930350662920406 0.37316061935602673 0.1454157576309256 -1.5371944832770694 1.6784416434810172 -0.13595257499072227 -2.9406635563918853 -0.65297069443810374 3.3309352502853353 -0.89990165935847366 5.1837864174513975 1.7790360358817259 1.7023298888936556 0.25440817543896982 -3.0021071841413116 2.0476097853730679 3.6045698862567672 -0.22838940021943072 0.97791834839727521 -1.3838364724754597 -0.16463332091664265 1.2599176352397636 -1.5643148466895838 -1.5006774400332024 1.0297806895203689
leaf_weight=396 765388 495 550 316 330 361 677 3190 1129 1381 438 526 352 310 392 415 539 338 2605 404 866 329 421 455 672 1218 1065 529 1258 317
leaf_count=396 765388 495 550 316 330 361 677 3190 1129 1381 438 526 352 310 392 415 539 338 2605 404 866 329 421 455 672 1218 1065 529 1258 317
internal_value=3.86165e-05 1.79092 4.19216 0.719788 0.106937 -1.30044 1.3053 -0.00714036 0.226168 0.406537 0.658145 -1.0764 -0.502448 1.25558 0.895815 1.90647 -0.207902 3.70554 0.638562 -1.54891 0.40198 0.676864 1.50295 0.949538 -0.0878961 0.444944 0.470137 -0.392727 -0.23073 -0.984846
internal_weight=787662 3125 946 2179 1863 856 1007 784537 19149 16832 12067 2317 1791 662 9468 1895 2599 753 7573 842 6192 1142 750 2915 3277 1757 2049 984 4765 1575
internal_count=787662 3125 946 2179 1863 856 1007 784537 19149 16832 12067 2317 1791 662 9468 1895 2599 753 7573 842 6192 1142 750 2915 3277 1757 2049 984 4765 1575
is_linear=0
shrinkage=0.03


Tree=21
num_leaves=31
num_cat=0
split_feature=6 20 14 38 38 23 24 37 5 36 14 1 36 6 36 14 19 36 14 36 4 21 19 21 14 24 37 39 37 6
split_gain=1.02302e+07 1.38795e+07 6.3239e+06 1.49491e+07 4.38992e+06 2.59808e+06 3.62361e+06 2.65609e+06 1.92823e+06 2.63065e+06 2.47244e+06 1.8756e+06 1.77704e+06 1.22059e+06 2.23381e+06 2.28898e+06 4.37296e+06 1.75195e+06 1.97415e+06 1.87017e+06 1.59448e+06 1.4859e+06 1.24793e+06 3.41761e+06 3.92002e+06 3.64387e+06 3.72418e+06 3.24121e+06 2.7043e+06 1.85633e+06
threshold=-0.10130058228969573 -2.5045680999755855 0.013832231983542444 0.87837970256805431 1.0000000180025095e-35 -0.10383784398436545 0.0081926956772804278 -0.010907442308962435 -0.029097103513777253 0.77296444773674022 0.0073296278715133676 -0.021980495192110535 0.5464349389076234 -0.061768779531121247 0.24825246632099154 0.0082380482926964777 0.0066205228213220843 -0.89194178581237782 0.0066709362436085948 -0.58244305849075306 -0.018990889191627499 0.28522345423698431 0.0096929511055350321 0.87775954604148876 0.0097247981466352957 0.0096393921412527579 -0.84915164113044728 0.81174489855766307 -0.09801131114363669 0.030069663189351562
decision_type=2 2 2 2 2 2 2 2 2 2 2 2 2 2 2 2 2 2 2 2 2 2 2 2 2 2 2 2 2 2
left_child=1 -1 3 8 -4 6 -2 -8 9 10 -3 12 -7 14 17 16 -16 20 -19 -20 -13 -18 -15 24 29 -26 -27 -28 -25 -24
right_child=5 2 4 -5 -6 11 7 -9 -10 -11 -12 13 -14 22 15 -17 21 18 19 -21 -22 -23 23 28 25 26 27 -29 -30 -31
leaf_value=6.9773502074915799 0.66752338931451438 0.63661716366032939 0.49939272268139628 -5.9109701338621283 4.837335844705053 1.319337237771731 -4.702921494704027 -0.93375733339943379 -0.85483136261148107 -0.17661414746109635 4.1507931717279387 0.65722991211675719 -0.64839210371303302 -0.009383941658286446 -0.063110004971762695 1.2345233914984759 -4.149993282647694 0.49992198359479234 3.1727732499831536 1.0331871704044548 -1.1787259372347121 -1.1466191230975091 -2.3127857147139892 -4.2658462577675937 -0.84578449340558026 4.2083211383845178 -0.089959248189926136 2.9774963944891226 -0.80587684814070082 -0.27176282357157572
leaf_weight=376 439 307 366 305 489 1721 318 360 316 416 447 895 528 764782 3229 798 320 3474 544 1153 777 300 820 323 1142 306 1230 394 529 779
leaf_count=376 439 307 366 305 489 1721 318 360 316 416 447 895 528 764782 3229 798 320 3474 544 1153 777 300 820 323 1142 306 1230 394 529 779
internal_value=-0.00090481 1.73547 0.943838 -0.0765865 3.03425 -0.00763197 -1.44065 -2.7857 1.18351 1.73915 2.77338 -0.0055537 0.855728 -0.00805319 0.298601 -0.208511 -0.512525 0.642579 0.914679 1.74803 -0.19981 -2.77799 -0.0126349 -0.461148 -0.138677 0.488145 1.27802 0.681408 -2.18533 -1.33408
internal_weight=788183 3022 2646 1791 855 785161 1117 678 1486 1170 754 784044 2249 781795 11490 4647 3849 6843 5171 1697 1672 620 770305 5523 4671 3072 1930 1624 852 1599
internal_count=788183 3022 2646 1791 855 785161 1117 678 1486 1170 754 784044 2249 781795 11490 4647 3849 6843 5171 1697 1672 620 770305 5523 4671 3072 1930 1624 852 1599
is_linear=0
shrinkage=0.03


Tree=22
num_leaves=31
num_cat=0
split_feature=18 37 14 38 28 37 37 36 25 18 18 13 37 37 19 37 38 7 19 14 24 18 37 14 26 23 28 24 37 23
split_gain=1.09672e+07 6.79044e+06 5.55754e+06 4.58839e+06 4.37529e+06 5.1641e+06 1.73683e+06 1.34381e+06 1.20349e+06 2.01719e+06 1.83184e+06 1.85147e+06 1.51314e+06 1.51705e+06 1.25035e+06 6.93823e+06 2.43806e+06 4.2081e+06 2.36588e+06 2.29791e+06 3.99441e+06 3.70012e+06 1.86992e+06 1.64436e+06 2.86534e+06 2.65194e+06 2.12113e+06 1.61168e+06 2.29287e+06 1.50919e+06
threshold=-0.063113279640674577 -0.71473535895347584 0.011052998714149 0.87837970256805431 0.014815651811659338 0.56457334756851207 -0.16288578510284421 -0.16288578510284421 -0.67000591754913319 -0.017510316334664818 0.021084915846586231 0.030054749920964244 0.98990321159362804 -0.98658463358879078 0.0081300279125571268 -0.16288578510284421 0.87837970256805431 -0.16741450130939481 0.008812751621007921 0.0069922702386975297 0.0069482645485550174 -0.019378240220248696 -0.6343555450439452 0.011052998714149 0.39687122404575353 -0.083403322845697389 0.011747638694941999 0.0081926956772804278 -0.8253108263015746 -0.083403322845697389
decision_type=2 2 2 2 2 2 2 2 2 2 2 2 2 2 2 2 2 2 2 2 2 2 2 2 2 2 2 2 2 2
left_child=1 2 -1 4 7 6 -6 -3 10 12 11 14 13 -10 19 16 17 -16 -17 -2 22 -22 -21 25 29 -20 -27 28 -19 -25
right_child=8 3 -4 -5 5 -7 -8 -9 9 -11 -12 -13 -14 -15 15 18 -18 27 23 20 21 -23 -24 24 -26 26 -28 -29 -30 -31
leaf_value=1.7598683249471831 -0.063718119188624425 1.4811169547885656 7.1200201608005322 -1.6351070281807794 2.9180913971813895 5.9496008082367799 0.09096791041788653 -0.99163406050055636 2.3584029960030972 0.009603797086271685 -2.2145715564132575 1.9418048863693211 2.407137858269881 0.30321693671783728 1.1723750586176542 2.294577596654396 -3.9070461852848526 -3.1615420526635165 -2.7052503738736275 1.3734154683970321 3.7533089288990618 -0.2962748167023202 -0.25226000166118806 3.502104477428909 -1.0965916621234615 -0.77878773134326318 2.1871895347632191 -3.5031136204458253 0.18041941260331429 0.55278944929875429
leaf_weight=391 256926 300 322 464 358 321 408 498 317 509298 335 396 327 8343 438 485 400 303 381 832 587 301 2504 327 377 638 304 496 427 300
leaf_count=391 256926 300 322 464 358 321 408 498 317 509298 335 396 327 8343 438 485 400 303 381 832 587 301 2504 327 377 638 304 496 427 300
internal_value=-0.00216187 1.78392 4.3088 0.987626 1.64361 2.86431 1.45289 -0.048544 -0.00917362 0.0174747 -0.0609464 -0.0580724 0.462514 0.383708 -0.0611952 -0.536195 -1.84844 -1.31306 0.433241 -0.0522859 0.640104 2.40435 0.158953 0.0290489 0.934352 -0.661652 0.203957 -2.20557 -1.25404 2.15166
internal_weight=788104 3062 713 2349 1885 1087 766 798 785042 518285 266757 266422 8987 8660 266026 4876 2064 1664 2812 261150 4224 888 3336 2327 1004 1323 942 1226 730 627
internal_count=788104 3062 713 2349 1885 1087 766 798 785042 518285 266757 266422 8987 8660 266026 4876 2064 1664 2812 261150 4224 888 3336 2327 1004 1323 942 1226 730 627
is_linear=0
shrinkage=0.03


Tree=23
num_leaves=31
num_cat=0
split_feature=18 15 14 37 38 28 37 7 24 16 19 9 23 18 24 19 13 28 21 37 23 38 38 24 24 24 38 28 3 21
split_gain=9.2928e+06 6.20917e+06 4.44514e+06 3.31526e+06 5.14748e+06 2.68662e+06 3.82908e+06 1.12831e+06 2.72792e+06 2.62811e+06 3.23982e+06 2.17201e+06 2.6719e+06 3.43557e+06 3.0542e+06 4.13158e+06 2.25243e+06 1.84058e+06 1.93362e+06 1.7381e+06 2.6143e+06 3.42297e+06 3.21073e+06 4.15513e+06 2.7003e+06 2.30019e+06 1.75707e+06 1.7887e+06 1.62087e+06 1.58175e+06
threshold=-0.063113279640674577 -2.4150314331054683 0.0077592304442077884 -0.74455857276916493 0.87837970256805431 0.014815651811659338 0.45201864838600164 0.17402186244726184 0.0077089630067348489 0.86223962903022777 0.010926144663244488 0.0074074133299291143 0.02032461948692799 0.039269182831048972 0.010910729877650739 0.010926144663244488 0.033578699454665191 0.01251137536019087 0.64130696654319774 0.58244305849075328 -0.060946460813283913 0.87837970256805431 1.0000000180025095e-35 0.0073027305770665416 0.0081926956772804278 0.0066321780905127534 -1.0000000180025095e-35 0.011747638694941999 -0.0006206682592164724 0.50066533684730541
decision_type=2 2 2 2 2 2 2 2 2 2 2 2 2 2 2 2 2 2 2 2 2 2 2 2 2 2 2 2 2 2
left_child=1 2 -1 -3 5 -5 -7 11 -9 10 17 -2 13 16 -14 -16 19 -10 -19 20 21 22 24 -24 28 26 27 -21 -13 -27
right_child=7 3 -4 4 -6 6 -8 8 9 -11 -12 12 14 -15 15 -17 -18 18 -20 25 -22 -23 23 -25 -26 29 -28 -29 -30 -31
leaf_value=1.5567065713448183 -0.012536497515562151 2.9890911966041136 6.6293036239953596 -0.4086627079118979 -2.5804374798586669 0.70643788631123616 4.758024342688647 0.17425462222401353 -0.57815134056170936 -3.0832047039342796 0.95094672806881542 0.66282929512492395 0.55633408549085261 -2.2542347647140129 4.9081346138126927 0.76883513474780896 2.0830638134679313 -4.2738439095399601 -0.96032486089457891 -0.51976948046766092 0.28179524994796007 -3.4719953058070741 -1.1791631592187131 3.3620854765583168 -2.7749651437982989 2.0986092698094163 -0.84896389198629818 2.4939031532143843 -1.6097788392325778 0.077185620685268214
leaf_weight=316 761787 529 320 597 406 601 310 3310 989 474 747 664 4480 524 351 545 517 310 334 326 4408 377 328 365 583 1095 1075 354 462 509
leaf_count=316 761787 529 320 597 406 601 310 3310 989 474 747 664 4480 524 351 545 517 310 334 326 4408 377 328 365 583 1095 1075 354 462 509
internal_value=-0.00178841 1.63777 4.23326 0.93319 0.339935 1.14967 2.15773 -0.00826152 -0.411892 -1.08817 -0.668459 -0.0050562 0.330494 0.0735733 0.881915 2.46213 0.187699 -1.41178 -2.63603 0.0910149 -0.172385 -0.889664 -0.459037 1.23991 -1.15433 0.652277 -0.0995695 1.07554 -0.281447 1.466
internal_weight=787993 3079 636 2443 1914 1508 911 784914 6164 2854 2380 778750 16963 11587 5376 896 11063 1633 644 10546 7187 2779 2402 693 1709 3359 1755 680 1126 1604
internal_count=787993 3079 636 2443 1914 1508 911 784914 6164 2854 2380 778750 16963 11587 5376 896 11063 1633 644 10546 7187 2779 2402 693 1709 3359 1755 680 1126 1604
is_linear=0
shrinkage=0.03


Tree=24
num_leaves=31
num_cat=0
split_feature=18 27 14 36 6 38 26 23 18 7 39 7 24 25 25 26 24 37 6 37 15 21 19 38 24 14 24 7 31 19
split_gain=7.63021e+06 7.29076e+06 4.9643e+06 5.57989e+06 5.35194e+06 4.85053e+06 2.53264e+06 1.12244e+06 1.2522e+06 1.69427e+06 1.18749e+06 1.58343e+06 2.35975e+06 2.36819e+06 3.16521e+06 2.18449e+06 2.17958e+06 4.22624e+06 2.60899e+06 1.35967e+06 1.33025e+06 1.90685e+06 1.34279e+06 1.24837e+06 3.87211e+06 2.33033e+06 1.99595e+06 1.89291e+06 1.24809e+06 1.22e+06
threshold=-0.063113279640674577 1.5243829488754275 0.0066709362436085948 0.71473535895347606 -0.10130058228969573 0.6078576147556306 0.079110041260719313 0.0080661517567932623 -0.051163958385586732 -0.021987527608871456 0.81174489855766307 0.17402186244726184 0.0063672978430986413 0.83057793974876415 2.3765243291854863 0.68689206242561351 0.010910729877650739 -0.66746801137924183 0.05180895887315274 0.78661888837814342 0.60314634442329418 0.5587594509124757 0.0096929511055350321 0.87837970256805431 0.0073027305770665416 0.0073296278715133676 0.0096393921412527579 0.10291413590312005 0.013500050175935032 0.0068786807823926219
decision_type=2 2 2 2 2 2 2 2 2 2 2 2 2 2 2 2 2 2 2 2 2 2 2 2 2 2 2 2 2 2
left_child=1 5 -3 4 6 -1 -4 8 9 -2 11 16 19 15 20 -14 23 -18 -19 -13 21 -15 -22 26 25 -25 28 29 -9 -26
right_child=7 2 3 -5 -6 -7 -8 10 -10 -11 -12 12 13 14 -16 -17 17 18 -20 -21 22 -23 -24 24 27 -27 -28 -29 -30 -31
leaf_value=1.3175957460221426 0.29060806158512142 -0.012491236850619316 8.3757214023876774 0.72926095862118967 1.8305601721174585 -2.6961461339065109 4.0148740768063576 -0.016819318559770018 -0.032571177859506105 2.3352441456892863 0.20619926711115083 -0.16544103623230993 -1.2025618636191064 -2.8144548286945836 1.0609735078034193 2.2257739880254559 4.2307088514415101 2.0362467263822683 -1.0058739967598112 1.7040364494749103 -1.9591412263607821 0.062962124487897286 -4.5149124601262587 0.15203442489103067 1.4295907047382095 -2.1306593434357013 -2.0242548013070589 0.33404524053248885 0.60612223626868833 4.1136348775829354
leaf_weight=576 2672 508 306 484 396 478 301 159917 538122 404 36476 1518 323 349 325 308 303 418 584 434 581 471 304 36889 317 387 422 422 2928 345
leaf_count=576 2672 508 306 484 396 478 301 159917 538122 404 36476 1518 323 349 325 308 303 418 584 434 581 471 304 36889 317 387 422 422 2928 345
internal_value=0.000808489 1.49375 2.55172 3.41627 4.67329 -0.518989 6.4103 -0.00502651 -0.0291111 0.5725 0.0483872 0.0206345 -0.527757 -1.10566 -1.60091 0.487827 0.0331512 1.24592 0.278208 0.263278 -2.11472 -1.19955 -2.91743 0.0251789 0.179134 0.127206 -0.0110107 1.93016 -0.00554559 2.90799
internal_weight=788268 3049 1995 1487 1003 1054 607 785219 541198 3076 244021 207545 4613 2661 2030 631 202932 1305 1002 1952 1705 820 885 201627 38360 37276 163267 1084 162845 662
internal_count=788268 3049 1995 1487 1003 1054 607 785219 541198 3076 244021 207545 4613 2661 2030 631 202932 1305 1002 1952 1705 820 885 201627 38360 37276 163267 1084 162845 662
is_linear=0
shrinkage=0.03


Tree=25
num_leaves=31
num_cat=0
split_feature=18 15 14 14 38 14 37 24 25 18 23 13 2 6 37 19 38 15 28 19 24 5 38 25 13 14 38 21 37 23
split_gain=8.36477e+06 6.29292e+06 4.6013e+06 2.89214e+06 7.07739e+06 2.89746e+06 2.31039e+06 1.63888e+06 1.20466e+06 1.95829e+06 1.61209e+06 1.34332e+06 1.09624e+06 1.16835e+06 3.0597e+06 2.68279e+06 2.17301e+06 1.75044e+06 1.63695e+06 1.21413e+06 1.48971e+06 1.28867e+06 1.188e+06 1.47147e+06 1.11622e+06 2.09587e+06 1.8757e+06 1.8088e+06 1.73121e+06 1.59647e+06
threshold=-0.063113279640674577 -2.4150314331054683 0.0077592304442077884 0.013832231983542444 0.87837970256805431 0.0066709362436085948 0.50938662886619579 0.013075615745037796 -0.3903124332427978 0.029825550504028801 -0.014689879026263951 0.033578699454665191 -0.030700094066560265 0.12224028259515764 0.054511256515979774 0.0096929511055350321 -1.0000000180025095e-35 0.58814415335655224 0.021105545572936538 0.013435858301818373 0.013075615745037796 0.019629838876426223 1.0000000180025095e-35 2.5099569559097294 0.020852930843830112 0.0088735902681946772 1.0000000180025095e-35 0.31275364756584173 0.95032352209091198 0.096422266215085997
decision_type=2 2 2 2 2 2 2 2 2 2 2 2 2 2 2 2 2 2 2 2 2 2 2 2 2 2 2 2 2 2
left_child=1 2 -1 4 5 -3 -7 -5 9 11 -10 -2 -12 18 15 16 -15 -16 19 20 24 -22 23 -19 25 29 -26 -27 -28 -14
right_child=8 3 -4 7 -6 6 -8 -9 10 -11 12 -13 13 14 17 -17 -18 22 -20 -21 21 -23 -24 -25 26 27 28 -29 -30 -31
leaf_value=1.4869872386618093 -0.051566130364489225 -1.0335709344632835 6.7130813691320768 1.0721574243601966 -3.772411993810417 0.92044007452217669 3.9760135025561913 3.9810930983977912 1.6802700549364156 -2.010234683298938 1.1864931128303373 1.5887174598018328 0.01135653420678534 1.4650508624510978 2.153322725649923 -3.0559781925337246 -1.6766023495309896 -0.71392286832585483 1.6744110812006725 -1.5187980720915062 2.7683017078667063 0.23486899680800216 -1.3368346303068326 1.9501083016931342 0.47710770233337502 -3.0623774015867564 0.050793413569041969 -0.54455911368377741 -1.3073888767313726 1.1479947243429085
leaf_weight=310 319234 401 307 403 311 705 318 318 508 439 706 430 434128 315 348 604 467 376 520 440 309 410 479 336 12281 312 9601 1191 906 1095
leaf_count=310 319234 401 307 403 311 705 318 318 508 439 706 430 434128 315 348 604 467 376 520 440 309 410 479 336 12281 312 9601 1191 906 1095
internal_value=-0.00114991 1.55591 4.21646 0.858862 0.186558 1.09147 1.92829 2.42798 -0.00728134 -0.0520752 0.0235334 -0.0492604 0.0216505 0.0198276 -0.575815 -1.58794 -0.406126 0.344367 0.0236301 0.0216941 0.0232328 1.3691 -0.211028 0.562193 0.0210674 0.0103819 0.225664 -1.10057 -0.0685816 0.0142689
internal_weight=788508 3073 617 2456 1735 1424 1023 721 785435 320103 465332 319664 464824 464118 2925 1386 782 1539 461193 460673 460233 719 1191 712 459514 436726 22788 1503 10507 435223
internal_count=788508 3073 617 2456 1735 1424 1023 721 785435 320103 465332 319664 464824 464118 2925 1386 782 1539 461193 460673 460233 719 1191 712 459514 436726 22788 1503 10507 435223
is_linear=0
shrinkage=0.03


Tree=26
num_leaves=31
num_cat=0
split_feature=6 20 26 37 38 4 36 31 30 4 15 28 25 28 24 38 28 19 21 27 36 19 32 29 19 37 7 4 20 5
split_gain=8.26441e+06 1.07489e+07 5.3588e+06 5.47765e+06 6.97997e+06 2.9878e+06 2.96867e+06 1.68848e+06 1.18975e+06 1.23381e+06 1.80873e+06 2.03306e+06 1.0833e+06 1.76318e+06 1.48213e+06 2.17801e+06 1.00459e+06 1.53021e+06 3.44369e+06 1.4057e+06 926553 899865 885329 879714 833013 4.40541e+06 1.89794e+06 1.57871e+06 1.70329e+06 1.54629e+06
threshold=-0.10130058228969573 -2.5045680999755855 0.33721932768821722 0.61734244227409374 0.6078576147556306 -0.046481510624289506 -0.09801131114363669 0.014507197774946691 -0.0043793823570013038 -0.035628767684102051 -1.8836823701858518 0.013452557381242515 -0.3903124332427978 0.021105545572936538 0.010910729877650739 0.87837970256805431 0.021105545572936538 0.013435858301818373 0.62035676836967479 1.6739799976348879 0.010907442308962408 0.0096929511055350321 0.0017326073721051218 0.77568110823631298 0.0081300279125571268 -0.22706275433301923 -0.11966032162308692 0.0050318329595029363 -1.542913496494293 0.040089605376124389
decision_type=2 2 2 2 2 2 2 2 2 2 2 2 2 2 2 2 2 2 2 2 2 2 2 2 2 2 2 2 2 2
left_child=1 -1 3 4 5 -3 -5 -7 9 10 11 20 13 14 24 -16 17 23 -19 -18 22 -12 -2 -14 26 -26 27 28 -10 -28
right_child=8 2 -4 6 -6 7 -8 -9 12 -11 21 -13 16 -15 15 -17 19 18 -20 -21 -22 -23 -24 -25 25 -27 29 -29 -30 -31
leaf_value=6.1113923893352693 0.61738321908355287 3.0910325790373845 4.4686076472473584 4.7279437127347297 -3.3305241935971841 0.88864415706504873 0.60433047352822988 -1.8880306653516836 1.185330616224908 0.1037753249192067 0.24149506936620868 2.9110494923026291 0.0055434926127148586 -1.6746873345233426 2.1583882396767535 -0.82283827734217474 2.4768093197094143 0.82434148509800431 -3.5594167024486079 -0.28467513940085665 0.0015950462960505059 -1.5618118981225553 2.4454850005788225 0.18835847611172343 -1.967968100985489 0.34378041959722339 -0.058248596517897405 2.0043929031795247 -0.42205326809143684 -1.723064376249702
leaf_weight=387 646 329 303 301 534 466 321 312 1095 31802 939 465 421666 586 610 326 333 300 314 306 876 317 377 25080 1185 1918 293708 632 1252 483
leaf_count=387 646 329 303 301 534 466 321 312 1095 31802 939 465 421666 586 610 326 333 300 314 306 876 317 377 25080 1185 1918 293708 632 1252 483
internal_value=-0.000141178 1.57859 0.852986 0.333973 -0.578739 0.784228 2.68496 -0.244292 -0.00611846 0.16373 0.686974 1.17253 -0.0141467 -0.0580794 -0.0548233 1.12456 0.0154499 0.0137251 -1.45908 1.1859 0.72093 -0.230985 1.32506 0.0158146 -0.0585743 -0.545999 -0.0534483 0.697451 0.331556 -0.0610988
internal_weight=788169 2953 2566 2263 1641 1107 622 778 785216 35422 3620 2364 749794 301795 301209 936 447999 447360 614 639 1899 1256 1023 446746 300273 3103 297170 2979 2347 294191
internal_count=788169 2953 2566 2263 1641 1107 622 778 785216 35422 3620 2364 749794 301795 301209 936 447999 447360 614 639 1899 1256 1023 446746 300273 3103 297170 2979 2347 294191
is_linear=0
shrinkage=0.03


Tree=27
num_leaves=31
num_cat=0
split_feature=18 27 14 7 36 17 29 23 24 37 36 25 21 19 37 6 7 5 36 15 19 26 21 19 37 14 38 38 26 36
split_gain=7.36403e+06 6.7964e+06 8.03777e+06 4.11253e+06 4.0555e+06 5.22384e+06 1.86415e+06 1.03117e+06 1.54177e+06 6.36851e+06 4.68635e+06 4.37691e+06 2.37292e+06 1.55281e+06 6.13168e+06 2.56131e+06 2.49782e+06 2.28063e+06 1.45955e+06 2.43684e+06 1.24716e+06 1.5231e+06 2.05494e+06 1.1517e+06 4.06257e+06 2.7548e+06 2.45565e+06 2.66996e+06 3.96928e+06 2.56563e+06
threshold=-0.063113279640674577 1.9843187332153323 0.013832231983542444 -0.081935998052358613 -0.69930991530418385 0.8109818994998933 0.21631959825754168 0.0025211784522980456 0.010910729877650739 -0.71473535895347584 -0.076279435306787477 1.381583094596863 0.83146393299102794 0.0096929511055350321 -0.076279435306787477 0.054585071280598647 0.15027985721826556 0.0059984750114381322 0.11969653144478799 0.047955807298421867 0.008812751621007921 0.82883173227310192 0.52302250266075145 0.0081300279125571268 -0.16288578510284421 0.0082380482926964777 -0.87837970256805409 0.6078576147556306 0.45247671008110052 0.91959547996521007
decision_type=2 2 2 2 2 2 2 2 2 2 2 2 2 2 2 2 2 2 2 2 2 2 2 2 2 2 2 2 2 2
left_child=1 3 6 4 -1 -6 -3 23 13 10 -10 12 18 20 17 -16 -17 -15 19 -11 -9 22 -22 25 -25 -2 -26 29 -29 -28
right_child=7 2 -4 -5 5 -7 -8 8 9 11 -12 -13 -14 14 15 16 -18 -19 -20 -21 21 -23 -24 24 26 -27 27 28 -30 -31
leaf_value=-3.7241089265814451 -0.03520814487358704 3.0999143716267179 6.8162433679031427 2.7442562427086692 2.8183683066588383 -1.8213373212773689 0.67691191811030882 0.028532522019669916 0.23724892593181884 3.7711384400656414 5.030853887337142 -2.3402022738747079 -1.6117298657383106 -0.80917077348611055 -1.7938472170609694 2.8956563380977656 -0.20664348523402887 -4.22169202849651 0.12863173701364963 0.27673738641540208 -0.17409359524771573 -0.36427925118994786 2.9614473612164005 -1.2522323578633476 -2.1152565397468872 1.0604641453152679 0.57753160579991092 0.50969417139028927 -2.6193063927830447 3.2222638216984421
leaf_weight=301 440039 463 338 359 371 475 737 330223 313 369 431 563 306 301 305 434 476 448 581 340 300 472 475 3011 366 2055 2100 1047 536 375
leaf_count=301 440039 463 338 359 371 475 737 330223 313 369 431 563 306 301 305 434 476 448 581 340 300 472 475 3011 366 2055 2100 1047 536 375
internal_value=-0.000857156 1.46702 2.85616 0.0295244 -0.85263 0.231432 1.64728 -0.00658007 0.0331474 0.719146 3.07319 -0.11283 0.69213 0.027132 -0.809659 0.509419 1.30337 -2.90702 1.25489 2.14897 0.0321387 0.971572 1.77384 -0.0363042 -0.406081 -0.0300674 0.172858 0.38859 -0.569239 1.00087
internal_weight=788910 3044 1538 1506 1147 846 1200 785866 336337 2903 744 2159 1596 333434 1964 1215 910 749 1290 709 331470 1247 775 449529 7435 442094 4424 4058 1583 2475
internal_count=788910 3044 1538 1506 1147 846 1200 785866 336337 2903 744 2159 1596 333434 1964 1215 910 749 1290 709 331470 1247 775 449529 7435 442094 4424 4058 1583 2475
is_linear=0
shrinkage=0.03


Tree=28
num_leaves=31
num_cat=0
split_feature=6 20 36 36 21 9 9 19 38 37 35 7 21 18 7 24 7 9 18 36 36 19 14 19 36 27 6 25 24 18
split_gain=6.58066e+06 9.07224e+06 3.32189e+06 1.19857e+07 4.24619e+06 3.31497e+06 1.23795e+06 1.13469e+06 7.67897e+06 6.28533e+06 2.14222e+06 4.71286e+06 2.0116e+06 1.56257e+06 1.88245e+06 1.62442e+06 3.00223e+06 3.41641e+06 3.33559e+06 1.92844e+06 1.60505e+06 2.33698e+06 1.51071e+06 1.51004e+06 1.44875e+06 1.2737e+06 1.0943e+06 885336 3.24902e+06 1.58152e+06
threshold=-0.10130058228969573 -2.5045680999755855 -0.31107263267040247 -0.71473535895347584 0.3408286720514298 0.011529905255883934 0.0074074133299291143 0.013435858301818373 0.87837970256805431 -0.71473535895347584 0.99601590633392345 -0.10085602849721907 0.62386792898178112 -0.051163958385586732 -0.021987527608871456 0.010910729877650739 0.17402186244726184 0.0074074133299291143 0.016288018785417083 0.75894212722778331 0.33172981441020971 0.0056834036950021991 0.0082380482926964777 0.008812751621007921 -0.09801131114363669 2.6186112165451054 -0.0012935262639075515 -0.87012520432472218 0.0096393921412527579 -0.02180499397218227
decision_type=2 2 2 2 2 2 2 2 2 2 2 2 2 2 2 2 2 2 2 2 2 2 2 2 2 2 2 2 2 2
left_child=1 -1 3 -3 5 6 -4 13 9 -9 11 -11 -13 14 20 27 17 23 -18 24 21 25 -23 26 -19 -2 -17 28 -15 -29
right_child=7 2 4 -5 -6 -7 -8 8 -10 10 -12 12 -14 15 -16 16 18 19 -20 -21 -22 22 -24 -25 -26 -27 -28 29 -30 -31
leaf_value=5.5826238227729439 -1.0959835655948389 -0.66410111044206332 0.72546255863932918 6.0315170280608168 -3.0380801750741018 2.8219823283106424 -1.478449360395218 3.3131039767239163 -4.4192816791799325 2.8399495255808493 -2.5972686055021463 -0.044202274378140768 -3.1682855242982915 -0.054025507279929212 2.1560189086669634 2.0138206195847363 1.0499279151422638 1.5355580253674175 -3.0354467370313531 0.2686444474691041 -0.52377356399745756 3.2259859382996861 0.77596029506835451 -1.475019423942777 4.0671492620505916 1.0012681446135419 0.010266715413672011 0.50364982730214625 -2.5697697033898872 0.0064572578772946502
leaf_weight=385 555 572 449 391 327 419 431 413 385 324 404 430 307 220903 575 351 330 404 356 326 1239 416 507 375 485 457 725 5799 443 548764
leaf_count=385 555 572 449 391 327 419 431 413 385 324 404 430 307 220903 575 351 330 404 356 326 1239 416 507 375 485 457 725 5799 443 548764
internal_value=0.000635588 1.40443 0.745076 2.12188 -0.0862104 0.691669 -0.362821 -0.00471652 -0.67256 0.134012 -0.794761 -0.0730599 -1.39488 -0.00276924 0.6066 -0.00571639 0.651313 1.10576 -1.09611 2.26554 0.314165 0.850576 1.9252 0.117025 2.97578 -0.147854 0.688664 -0.00857153 -0.0592922 0.0116743
internal_weight=788247 2974 2589 963 1626 1299 880 785273 2263 1878 1465 1061 737 783010 3749 779261 3352 2666 686 1215 3174 1935 923 1451 889 1012 1076 775909 221346 554563
internal_count=788247 2974 2589 963 1626 1299 880 785273 2263 1878 1465 1061 737 783010 3749 779261 3352 2666 686 1215 3174 1935 923 1451 889 1012 1076 775909 221346 554563
is_linear=0
shrinkage=0.03


Tree=29
num_leaves=31
num_cat=0
split_feature=18 15 36 36 36 36 36 24 25 24 6 37 15 5 9 13 15 21 25 37 25 37 24 37 3 7 16 14 4 19
split_gain=7.75611e+06 7.02323e+06 3.94375e+06 3.5275e+06 8.84994e+06 4.96657e+06 4.11051e+06 1.92905e+06 954972 1.283e+06 1.10217e+06 3.78275e+06 3.24919e+06 2.79652e+06 1.23715e+06 1.95823e+06 4.07423e+06 2.10284e+06 1.73407e+06 1.85048e+06 2.39999e+06 1.80738e+06 2.83694e+06 1.71263e+06 2.97461e+06 2.45326e+06 1.74971e+06 1.44485e+06 1.37866e+06 1.3514e+06
threshold=-0.063113279640674577 -2.4150314331054683 0.11969653144478799 -0.7866188883781432 -0.43245348334312433 0.098011311143636717 0.60003554821014415 0.0077089630067348489 2.6787008047103886 0.0073027305770665416 0.12224028259515764 -0.076279435306787477 0.41651919484138494 0.071932237595319762 0.0090841692872345465 -0.037333102896809571 -1.8836823701858518 0.80762982368469249 -1.3560364842414854 0.010907442308962378 -1.9208364486694334 -0.54643493890762318 0.010910729877650739 -0.22706275433301923 -0.028501651249825951 -0.029147727414965626 0.60385370254516613 0.0082380482926964777 -0.0093194218352437002 0.0096929511055350321
decision_type=2 2 2 2 2 2 2 2 2 2 2 2 2 2 2 2 2 2 2 2 2 2 2 2 2 2 2 2 2 2
left_child=1 2 -1 -3 -5 -6 -7 -8 10 -10 14 13 -13 -12 29 16 -16 18 19 20 -17 22 -20 -23 -25 26 -26 -21 -27 -2
right_child=8 3 -4 4 5 6 7 -9 9 -11 11 12 -14 -15 15 17 -18 -19 21 27 -22 23 -24 24 25 28 -28 -29 -30 -31
leaf_value=6.4020035360134049 -0.0093625163310501105 -1.3859170130872336 1.6278181751013525 5.6321003985607012 -2.8028903337413893 3.6767913509599488 1.3659603816699275 -1.420687276437167 0.15682057644788047 1.7100744108851542 -0.76843110136770398 2.8541385486772506 -0.49594816099502725 -4.0659250534633529 1.1465013978124365 0.79509594748198986 -2.5069325408777328 -0.69415161714987317 1.0470879717826083 -0.40829553930772294 -1.9568231594633383 -1.0628953302680546 3.9211276585593717 -1.7677086596227949 4.3635397864851084 1.8570439836722386 1.3650306141218602 1.9151149926539193 -0.14766334730625683 -0.61478654950951039
leaf_weight=336 749486 529 309 334 328 399 453 404 21157 470 611 334 971 365 491 480 579 1080 1079 397 653 444 427 302 310 454 433 570 878 3313
leaf_count=336 749486 529 309 334 328 399 453 404 21157 470 611 334 971 365 491 480 579 1080 1079 397 653 444 427 302 310 454 433 570 878 3313
internal_value=0.0015546 1.49629 4.23258 0.746572 1.34296 0.379612 1.24162 0.0498607 -0.00436878 0.192125 -0.00993843 -0.665528 0.391608 -2.0585 -0.00795692 0.349887 -0.840175 0.521293 0.727057 0.0189927 -0.797393 1.06903 1.90268 0.61372 0.933151 1.33936 2.69768 0.972298 0.552986 -0.0120432
internal_weight=788376 3092 645 2447 1918 1584 1256 857 785284 21627 763657 2281 1305 976 761376 8577 1070 7507 6427 2100 1133 4327 1506 2821 2377 2075 743 967 1332 752799
internal_count=788376 3092 645 2447 1918 1584 1256 857 785284 21627 763657 2281 1305 976 761376 8577 1070 7507 6427 2100 1133 4327 1506 2821 2377 2075 743 967 1332 752799
is_linear=0
shrinkage=0.03


Tree=30
num_leaves=31
num_cat=0
split_feature=6 20 14 38 38 5 36 32 1 23 24 36 37 15 9 6 37 37 15 8 24 21 28 36 38 16 3 7 23 24
split_gain=7.2163e+06 8.9469e+06 4.83964e+06 8.78504e+06 4.95046e+06 1.41741e+06 1.94416e+06 1.53395e+06 1.27826e+06 1.55843e+06 2.39978e+06 1.37362e+06 1.43458e+06 1.55396e+06 1.38235e+06 944140 2.95089e+06 2.57848e+06 1.95337e+06 1.78068e+06 1.64693e+06 3.41958e+06 2.81688e+06 2.33934e+06 1.48102e+06 1.49381e+06 1.29034e+06 1.76589e+06 886552 1.44522e+06
threshold=-0.10130058228969573 -2.5045680999755855 0.013832231983542444 0.87837970256805431 0.6078576147556306 -0.030394952744245526 0.78661888837814342 0.0023363343207165603 -0.021980495192110535 -0.10383784398436545 0.0081926956772804278 0.60003554821014415 -0.45201864838600153 -1.5895630121231077 0.0078477491624653357 0.12224028259515764 -0.010907442308962435 -0.77296444773674 0.40051466226577764 0.0017732660635374489 0.013075615745037796 0.73620539903640758 0.01693794131278992 -0.05451125651597976 1.0000000180025095e-35 0.84437403082847606 0.015454538166522981 -0.16741450130939481 0.096422266215085997 0.0081926956772804278
decision_type=2 2 2 2 2 2 2 2 2 2 2 2 2 2 2 2 2 2 2 2 2 2 2 2 2 2 2 2 2 2
left_child=1 -1 3 5 -4 6 7 -3 11 10 -10 12 -2 14 -14 20 17 -17 -18 -19 26 22 23 -22 25 -20 27 -11 -28 -30
right_child=8 2 4 -5 -6 -7 -8 -9 9 15 -12 -13 13 -15 -16 16 18 19 24 -21 21 -23 -24 -25 -26 -27 28 -29 29 -31
leaf_value=5.5132183979758134 2.0898212343021747 0.67378805571008882 0.46236806849659356 -4.5329992628476834 5.0206052112928248 -0.84006498110613392 -0.37690003653392962 3.445767750879706 0.68533969692247487 1.8360683353435143 -2.3576442111345628 -0.64042188290808655 0.060313040385085538 -1.079557187562866 2.648960276399134 0.03135091278525249 2.4265089441905512 -0.73049179288078536 1.8341552896268905 -3.6813597260862019 -1.0295692637750695 -0.9253361843494432 4.1686466936059929 2.4696984674343838 -1.3941423641897173 -0.73872200776489905 0.203747654448999 -0.017242273776240758 -0.015322877797903369 -2.207403877494055
leaf_weight=403 724 329 459 310 390 316 368 410 365 443 592 535 425 402 311 549 301 302 414 504 313 540 334 340 521 366 32977 742757 1111 338
leaf_count=403 724 329 459 310 390 316 368 410 365 443 592 535 425 402 311 549 301 302 414 504 313 540 334 340 521 366 32977 742757 1111 338
internal_value=-0.00161805 1.46571 0.796451 -0.118401 2.62362 0.892816 1.39361 2.26197 -0.00723152 -0.00935746 -1.20678 0.681616 1.06424 0.386936 1.1953 -0.00786146 -0.541101 -1.56103 0.330182 -2.62016 -0.0058239 0.972048 2.00789 0.811657 -0.18422 0.638596 -0.00776907 -0.0160882 0.171732 -0.549749
internal_weight=788449 2985 2582 1733 849 1423 1107 739 785464 783067 957 2397 1862 1138 736 782110 2957 1355 1602 806 779153 1527 987 653 1301 780 777626 743200 34426 1449
internal_count=788449 2985 2582 1733 849 1423 1107 739 785464 783067 957 2397 1862 1138 736 782110 2957 1355 1602 806 779153 1527 987 653 1301 780 777626 743200 34426 1449
is_linear=0
shrinkage=0.03


Tree=31
num_leaves=31
num_cat=0
split_feature=1 5 26 36 5 36 6 7 14 27 24 15 14 38 7 24 14 24 36 37 4 26 5 28 23 28 7 6 14 37
split_gain=6.43508e+06 8.17645e+06 4.7729e+06 1.66289e+06 1.37243e+06 1.49787e+06 1.14694e+06 2.86415e+06 4.91843e+06 2.76393e+06 2.47469e+06 5.16776e+06 2.37238e+06 2.13688e+06 1.73635e+06 2.30295e+06 1.84954e+06 1.63913e+06 2.00003e+06 1.39148e+06 1.34056e+06 2.09999e+06 1.29097e+06 1.28887e+06 1.21269e+06 1.48498e+06 1.13584e+06 1.01232e+06 3.22483e+06 2.66488e+06
threshold=-0.021980495192110535 -0.077312938868999467 0.04033030383288861 0.5464349389076234 -0.042287599295377724 -0.68355163931846608 -0.061768779531121247 0.012577045708894731 0.0088735902681946772 1.6464119553565981 0.010910729877650739 -0.56201463937759388 0.0073296278715133676 1.0000000180025095e-35 -0.081935998052358613 0.0069482645485550174 0.0069922702386975297 0.0052269590087234983 0.11969653144478799 0.69930991530418407 -0.023714070208370682 0.17866836488246921 -0.049649912863969796 0.008611034136265518 0.0014373910380527379 0.021105545572936538 -0.11966032162308692 0.12224028259515764 0.013832231983542444 0.032717135734856136
decision_type=2 2 2 2 2 2 2 2 2 2 2 2 2 2 2 2 2 2 2 2 2 2 2 2 2 2 2 2 2 2
left_child=1 2 -1 4 -3 -6 7 9 -9 10 12 -12 17 20 15 16 -11 19 -19 -2 -14 -22 -21 -20 25 -8 -23 28 -26 -29
right_child=6 3 -4 -5 5 -7 24 8 -10 14 11 -13 13 -15 -16 -17 -18 18 23 22 21 26 -24 -25 27 -27 -28 29 -30 -31
leaf_value=6.7519303120459826 0.34892785234855972 2.0734573206972717 1.8681568236962744 -0.98710653965289774 -1.0202454424370671 1.1337618939377463 -0.044294405063670612 0.38197191394000091 4.8268562682384362 0.97906399734062088 -3.8997571239148083 0.51191793440720612 1.30193665243775 1.8319933433775601 0.015793237056022615 -0.41573309977656425 2.8231910868102257 -0.082496928538438735 -0.88095368589820533 -2.3312883253985479 -2.489212715277028 1.6672011498056574 -0.27072524891853778 -3.508903188176395 0.030488195906028519 -1.7121963906597941 -0.81880578232499268 -1.4837605742537494 2.5197787090786483 0.33080267741879371
leaf_weight=316 2872 583 436 526 453 736 410104 729 306 1347 439 490 478 1007 1781 598 783 716 328 345 326 306 1120 367 355994 461 318 1361 449 1529
leaf_count=316 2872 583 436 526 453 736 410104 729 306 1347 439 490 478 1007 1781 598 783 716 328 345 326 306 1120 367 355994 461 318 1361 449 1529
internal_value=-0.000656057 1.37017 4.04213 0.468457 0.90672 0.3098 -0.00602 0.256697 1.7627 0.139846 -0.160894 -1.61108 0.00726837 0.788312 0.745622 1.21852 1.67693 -0.325188 -1.20562 -0.0345301 0.0371879 -0.612903 -0.78084 -2.328 -0.0110277 -0.0462505 0.41421 0.0292173 0.0337651 -0.528062
internal_weight=787604 3050 752 2298 1772 1189 784554 14656 1035 13621 9112 929 8183 2435 4509 2728 2130 5748 1411 4337 1428 950 1465 695 769898 410565 624 359333 356443 2890
internal_count=787604 3050 752 2298 1772 1189 784554 14656 1035 13621 9112 929 8183 2435 4509 2728 2130 5748 1411 4337 1428 950 1465 695 769898 410565 624 359333 356443 2890
is_linear=0
shrinkage=0.03


Tree=32
num_leaves=31
num_cat=0
split_feature=18 15 9 3 7 27 20 6 25 28 5 28 19 26 32 24 37 24 29 24 19 21 18 37 37 24 37 25 37 37
split_gain=6.8048e+06 5.85182e+06 4.86987e+06 3.17727e+06 2.66816e+06 2.18949e+06 966939 939930 1.90711e+06 3.165e+06 1.74181e+06 1.88958e+06 2.40542e+06 1.85181e+06 1.70442e+06 1.67975e+06 1.77039e+06 1.81183e+06 2.07087e+06 1.53889e+06 1.45576e+06 3.7032e+06 4.90192e+06 7.28848e+06 3.4588e+06 3.00495e+06 4.28085e+06 4.44511e+06 2.65478e+06 2.31346e+06
threshold=-0.063113279640674577 -1.8836823701858518 0.011529905255883934 0.0012187462416477504 -0.16741450130939481 1.4258852005004885 -2.5045680999755855 -0.061768779531121247 -0.71724820137023915 0.011071696411818268 -0.0050260550342500201 0.01693794131278992 0.0081300279125571268 0.26627507805824285 0.004766726167872549 0.0069482645485550174 -0.90159028768539418 0.005335322581231595 0.4806667566299439 0.0081926956772804278 0.0096929511055350321 0.85586628317832958 -0.0093118422664701921 0.7298206388950349 -0.29026740789413447 0.010910729877650739 -0.84915164113044728 1.4366896748542788 -0.22706275433301923 0.41268247365951544
decision_type=2 2 2 2 2 2 2 2 2 2 2 2 2 2 2 2 2 2 2 2 2 2 2 2 2 2 2 2 2 2
left_child=1 2 6 4 5 -3 -1 8 10 -10 11 12 15 -14 -13 16 -2 -18 -19 -12 -9 22 23 -22 -23 28 -27 29 -24 -28
right_child=7 3 -4 -5 -6 -7 -8 20 9 -11 19 14 13 -15 -16 -17 17 18 -20 -21 21 24 25 -25 -26 26 27 -29 -30 -31
leaf_value=2.2035213044636062 1.4484581396426577 -3.4836922735781282 5.2009218006942701 2.8719836436898123 0.7701839640764705 0.0076850469169502493 0.098429305448054186 -0.0075373024607400911 0.019048423104207304 3.5559253379369786 -0.13926716541702097 0.52250745065945137 -1.9307396135236439 0.3883531678225412 3.3308236440575016 2.0737202399484813 0.29247600998347645 -1.8686140504164515 0.80292581180209599 -2.1516805201993128 -3.1828721611719009 -4.6086219062258635 -1.7579079033859284 1.547051871125031 -0.90587795395756365 4.2557672253202217 3.0755287460384855 -2.4982344008426836 0.47058358066460337 0.1636264996324773
leaf_weight=516 949 313 493 321 828 314 313 765671 524 383 1069 494 781 496 311 460 5951 775 375 485 899 314 727 416 752 346 451 304 1335 518
leaf_count=516 949 313 493 321 828 314 313 765671 524 383 1069 494 781 496 311 460 5951 775 375 485 899 314 727 416 752 346 451 304 1335 518
internal_value=-0.00137991 1.39734 2.89265 0.264454 -0.341957 -1.78903 1.42976 -0.00693692 0.245315 1.55707 0.144962 0.282874 0.166288 -1.03788 1.6619 0.348995 0.245544 0.0811658 -0.998626 -0.786697 -0.0112097 -0.473511 -0.127846 -1.6858 -2.06134 0.434821 1.39401 0.562395 -0.324456 1.5537
internal_weight=787884 3098 1322 1776 1455 627 829 784786 13053 907 12146 10592 9787 1277 805 8510 8050 7101 1150 1554 771733 6062 4996 1315 1066 3681 1619 1273 2062 969
internal_count=787884 3098 1322 1776 1455 627 829 784786 13053 907 12146 10592 9787 1277 805 8510 8050 7101 1150 1554 771733 6062 4996 1315 1066 3681 1619 1273 2062 969
is_linear=0
shrinkage=0.03


Tree=33
num_leaves=31
num_cat=0
split_feature=18 20 6 37 7 37 25 14 7 28 36 36 28 36 25 37 37 18 21 21 13 36 16 37 7 23 10 25 14 36
split_gain=5.8191e+06 5.26627e+06 4.24922e+06 3.41192e+06 3.99498e+06 4.8849e+06 4.35169e+06 1.39538e+06 890614 3.317e+06 3.02155e+06 3.83672e+06 1.9687e+06 3.09236e+06 4.13049e+06 3.2403e+06 2.87205e+06 2.80463e+06 2.4277e+06 2.30499e+06 2.47962e+06 4.50353e+06 2.87349e+06 4.57671e+06 2.58479e+06 2.16998e+06 2.25558e+06 1.76799e+06 1.74795e+06 1.44966e+06
threshold=-0.063113279640674577 -2.5045680999755855 -0.10130058228969573 -0.72982063889503468 -0.13435831665992734 0.60003554821014415 -2.289511919021606 0.0077592304442077884 0.21541757881641391 0.011747638694941999 0.56457334756851207 -0.3317298144102096 0.013452557381242515 -0.87137606739997853 -1.376043379306793 -0.010907442308962435 0.60003554821014415 0.031471911817789085 0.2039228826761246 0.87392443418502819 -0.021365102380514141 0.20576497167348864 0.67852589488029491 0.91959547996521007 -0.11966032162308692 -0.00024120628950186071 0.21389326453208926 1.6924803853034975 0.0088735902681946772 0.71473535895347606
decision_type=2 2 2 2 2 2 2 2 2 2 2 2 2 2 2 2 2 2 2 2 2 2 2 2 2 2 2 2 2 2
left_child=1 2 -1 -3 5 6 -5 -6 12 29 11 27 -2 15 16 17 18 -14 -15 20 21 -16 24 -24 -22 -26 -27 -11 -18 -10
right_child=8 3 -4 4 7 -7 -8 -9 9 10 -12 -13 13 14 19 -17 28 -19 -20 -21 22 -23 23 -25 25 26 -28 -29 -30 -31
leaf_value=5.518572140367251 -0.010162553976817276 2.7255492796051071 1.3768494169604271 -0.29616701376450766 0.10186556087636793 1.6944015122122233 -5.0632122421396373 2.7200462749220429 -0.17593293884332334 -0.74280221636305332 -3.8655399901727616 1.0102353320083888 -0.52198582558362661 0.83141623265147202 1.797945298721616 0.67579911899254941 -0.31709669826699671 -3.7290226843053862 -1.9441723595515685 -0.46627761439518994 4.8565458468080474 -2.4981848034654162 1.6767558923170336 -2.2845117539131059 0.28382188681361503 1.6755801075976342 4.852960491429128 -3.9043823438679839 2.4769566567610029 1.7418982959349276
leaf_weight=381 772679 453 544 334 341 304 342 380 1059 337 348 578 653 380 514 917 397 381 998 631 373 353 1321 308 447 604 312 303 381 511
leaf_count=381 772679 453 544 334 341 304 342 380 1059 337 348 578 653 380 514 917 397 381 998 631 373 353 1321 308 447 604 312 303 381 511
internal_value=-0.00193502 1.29549 3.16348 0.47159 -0.153369 -1.38874 -2.78409 1.51794 -0.00705819 -0.510006 -1.47837 -0.744891 -0.00502735 0.43636 0.72969 -0.615632 -0.361016 -1.75203 -1.17783 1.21275 1.46411 0.0318826 1.83076 0.909163 2.67535 2.01684 2.8384 -2.31257 1.07899 0.462337
internal_weight=787864 3079 925 2154 1701 980 676 721 784785 3136 1566 1218 781649 8970 7019 1951 2156 1034 1378 4863 4232 867 3365 1629 1736 1363 916 640 778 1570
internal_count=787864 3079 925 2154 1701 980 676 721 784785 3136 1566 1218 781649 8970 7019 1951 2156 1034 1378 4863 4232 867 3365 1629 1736 1363 916 640 778 1570
is_linear=0
shrinkage=0.03


Tree=34
num_leaves=31
num_cat=0
split_feature=6 14 38 15 28 16 23 27 17 28 7 36 36 25 36 14 6 5 16 36 23 18 25 37 8 25 19 38 5 25
split_gain=5.0515e+06 7.09174e+06 1.38865e+07 6.7657e+06 2.42886e+06 2.39726e+06 1.38423e+06 1.8334e+06 1.91383e+06 1.56732e+06 5.31952e+06 4.25282e+06 3.42292e+06 3.03865e+06 2.81284e+06 2.94749e+06 3.69161e+06 2.86158e+06 5.26142e+06 4.47846e+06 3.18069e+06 3.16556e+06 3.3477e+06 2.99038e+06 2.45342e+06 2.44385e+06 2.3822e+06 2.2551e+06 1.6655e+06 1.65794e+06
threshold=-0.10130058228969573 0.013832231983542444 0.87837970256805431 -1.2643731236457822 0.01693794131278992 0.50566890835762035 -0.10383784398436545 1.7315137386322024 0.84379535913467418 0.013452557381242515 0.17402186244726184 0.56457334756851207 -0.41268247365951533 1.7667726278305056 -0.86046862602233876 0.013832231983542444 0.037289621308445937 -0.0060727638192474833 0.61838829517364513 0.24825246632099154 -0.033165121451020234 -0.037116374820470803 -1.2471919655799864 0.88186877965927135 0.0022976485779508953 -1.7400685548782346 0.0096929511055350321 0.87837970256805431 0.049685470759868629 0.83057793974876415
decision_type=2 2 2 2 2 2 2 2 2 2 2 2 2 2 2 2 2 2 2 2 2 2 2 2 2 2 2 2 2 2
left_child=1 2 4 -3 -1 -5 7 8 -2 26 14 12 13 -12 15 16 24 19 29 21 -21 25 -23 -20 -11 -16 -8 -28 -14 -19
right_child=6 3 -4 5 -6 -7 9 -9 -10 10 11 -13 28 -15 17 -17 -18 18 23 20 -22 22 -24 -25 -26 -27 27 -29 -30 -31
leaf_value=0.65559300424252132 -0.51693778201305329 6.9251415624751811 -5.0308839567839554 -0.38593772955057098 3.1576614465869839 3.2584891417582531 -0.0017327046434981771 0.85039192515408846 -3.4527941987768149 0.30990063186773775 0.18040986861760103 -4.130655697349928 -0.36272550923956765 -3.5974200677072878 1.4546043576178593 -2.774368010668431 2.3594779733730395 5.4547227145221129 1.6241287032509262 0.072701859388219645 -3.0591284896490665 -1.9817789063354954 1.5245591256432058 -1.0730566474256746 -2.7682820193767546 4.720880157839666 -1.1927743440213445 1.155715229051179 2.6659983203323345 2.2861848206439257
leaf_weight=1282 475 302 351 308 468 315 771232 318 336 651 375 321 304 368 642 334 486 345 1457 975 396 380 613 478 340 306 2518 414 323 334
leaf_count=1282 475 302 351 308 468 315 771232 318 336 651 375 321 304 368 642 334 486 345 1457 975 396 380 613 478 340 306 2518 414 323 334
internal_value=0.00290569 1.22225 0.248969 3.38085 1.35284 1.50079 -0.0018273 -1.04234 -1.7871 -0.000301563 0.383756 -1.13161 -0.379585 -1.73596 0.717017 -0.315057 0.270713 1.03242 1.77097 0.442386 -0.862875 1.36374 0.170123 0.953686 -0.780058 2.58466 -0.00498852 -0.855583 1.23171 4.00613
internal_weight=787747 3026 2101 925 1750 623 784721 1129 811 783592 9428 1691 1370 743 7737 1811 1477 5926 2614 3312 1371 1941 993 1935 991 948 774164 2932 627 679
internal_count=787747 3026 2101 925 1750 623 784721 1129 811 783592 9428 1691 1370 743 7737 1811 1477 5926 2614 3312 1371 1941 993 1935 991 948 774164 2932 627 679
is_linear=0
shrinkage=0.03


Tree=35
num_leaves=31
num_cat=0
split_feature=6 27 14 38 38 9 23 28 9 18 36 36 36 4 15 28 7 9 23 7 28 38 36 28 7 24 37 24 16 37
split_gain=5.82555e+06 7.9195e+06 3.75907e+06 1.04605e+07 3.71895e+06 1.92016e+06 1.44018e+06 2.80073e+06 1.37975e+06 1.34108e+06 2.62461e+06 1.79216e+06 1.58209e+06 1.95785e+06 1.75289e+06 1.60915e+06 1.52827e+06 1.01558e+06 968537 1.16939e+06 3.10558e+06 2.70671e+06 3.44037e+06 2.8393e+06 2.56866e+06 2.50692e+06 2.47684e+06 1.66869e+06 2.59967e+06 2.13363e+06
threshold=-0.10130058228969573 3.9339872598648076 0.013832231983542444 0.87837970256805431 0.6078576147556306 0.0090841692872345465 -0.10383784398436545 0.021105545572936538 0.0090841692872345465 -0.044736489653587334 0.20576497167348864 0.95688340067863475 -0.87137606739997853 -0.018990889191627499 -1.916513919830322 0.011747638694941999 -0.11966032162308692 0.0067565878853201875 0.0055130675900727519 0.17402186244726184 0.013452557381242515 0.6078576147556306 -0.88186877965927113 0.01693794131278992 0.060123808681964881 0.0081926956772804278 -0.2693240344524383 0.0087271830998361128 0.8660503923892976 -0.86046862602233876
decision_type=2 2 2 2 2 2 2 2 2 2 2 2 2 2 2 2 2 2 2 2 2 2 2 2 2 2 2 2 2 2
left_child=1 2 3 5 -4 17 7 8 -2 10 12 16 14 15 -8 -14 -12 -1 -11 20 -20 23 -23 -22 -25 26 -21 -27 29 -29
right_child=6 -3 4 -5 -6 -7 9 -9 -10 18 11 -13 13 -15 -16 -17 -18 -19 19 25 21 22 -24 24 -26 27 -28 28 -30 -31
leaf_value=1.012880519639521 -1.2773295683741652 5.5067666482061401 0.5120568442357214 -4.664394997504532 4.5031308383166788 2.3834893190232802 1.6509360391148669 -3.3162814371904425 1.1682907335640029 -0.034491379542789934 1.1873509771913011 1.232803012014398 0.31214580990942942 3.5539871007662551 -0.78746225805288583 1.950305971332448 -1.0786814120439565 -0.93182334937425848 0.033744088532791358 -0.75853268995652112 0.64116666858815019 -2.7597974623252046 0.91349691481000939 5.0173340286639627 1.5413486031654724 -2.8882032455442004 0.81021726173445308 1.8522620044576756 -3.1493428417542111 -0.80408920756508451
leaf_weight=564 405 337 455 334 380 578 378 328 386 497591 301 514 1239 305 776 949 1675 393 271952 1607 1056 310 734 322 497 389 2024 322 321 1317
leaf_count=564 405 337 455 334 380 578 378 328 386 497591 301 514 1239 305 776 949 1675 393 271952 1607 1056 310 734 322 497 389 2024 322 321 1317
internal_value=-0.00232278 1.30389 0.743498 -0.0101588 2.3912 1.04952 -0.00741146 -1.0734 -0.0845117 -0.00586378 0.435152 -0.314306 0.945769 1.36804 0.0257688 1.03389 -0.725063 0.211545 -0.0093517 0.0351882 0.0442291 1.0142 -0.208606 1.69008 2.995 -0.379141 0.115571 -1.13837 -0.765414 -0.266181
internal_weight=788739 3041 2704 1869 835 1535 785698 1119 791 784579 6137 2490 3647 2493 1154 2188 1976 957 778442 280851 274871 2919 1044 1875 819 5980 3631 2349 1960 1639
internal_count=788739 3041 2704 1869 835 1535 785698 1119 791 784579 6137 2490 3647 2493 1154 2188 1976 957 778442 280851 274871 2919 1044 1875 819 5980 3631 2349 1960 1639
is_linear=0
shrinkage=0.03


Tree=36
num_leaves=31
num_cat=0
split_feature=1 5 9 29 15 36 6 7 19 14 36 36 14 18 9 19 37 36 37 7 3 19 14 27 18 7 36 37 16 7
split_gain=5.18039e+06 7.53948e+06 5.74621e+06 2.02266e+06 1.12289e+06 1.0873e+06 1.07065e+06 3.26855e+06 3.3184e+06 4.53472e+06 3.98699e+06 3.75589e+06 3.27885e+06 3.08107e+06 2.88358e+06 2.65202e+06 2.70066e+06 2.43461e+06 2.0122e+06 1.38264e+06 1.21277e+06 1.07706e+06 3.19017e+06 3.69661e+06 2.47114e+06 2.46816e+06 3.08193e+06 2.45272e+06 2.39136e+06 2.17602e+06
threshold=-0.021980495192110535 -0.077312938868999467 0.011529905255883934 0.26806676387786871 -2.8009681701660152 0.076279435306787505 -0.066803440451621995 0.015370801091194155 0.008812751621007921 0.013832231983542444 -0.71473535895347584 0.45201864838600164 0.0073296278715133676 -0.063113279640674577 0.0070484410971403131 0.0066205228213220843 0.69930991530418407 0.29026740789413458 0.63435554504394542 -0.07852213084697722 0.0021933540701866154 0.0096929511055350321 0.0097247981466352957 0.72432875633239757 -0.025989059358835217 0.10291413590312005 -0.43245348334312433 0.71473535895347606 0.44000144302845007 0.026811149902641777
decision_type=2 2 2 2 2 2 2 2 2 2 2 2 2 2 2 2 2 2 2 2 2 2 2 2 2 2 2 2 2 2
left_child=1 2 -1 4 5 -3 7 8 12 13 -11 -12 15 -10 -9 16 19 -17 20 -2 -14 -8 -23 28 -25 27 -27 -26 -24 -30
right_child=6 3 -4 -5 -6 -7 21 14 9 10 11 -13 18 -15 -16 17 -18 -19 -20 -21 -22 22 23 24 25 26 -28 -29 29 -31
leaf_value=0.85285461632524096 1.244790852754053 1.1943890356822986 6.2524502719643644 1.1600362474071257 -1.9778826521463313 -1.1385831503425023 -0.0056458875454441018 0.46612511974109394 -4.124793624842221 -1.7836616845056412 3.7372147477630815 -0.56441223369251869 1.5059457105028082 -1.020525233523502 4.1847486381666998 0.26045318457346694 -0.68440045247762782 -3.3830876907377001 3.0363089826857039 0.096518498317074042 -0.3988021203846196 -1.4031367618383761 3.0230694244667697 -3.0071719789132474 1.5294751246451628 -3.3635868632344201 0.072357163311965719 -1.4659622409555495 1.695663747303632 -0.95338745579714723
leaf_weight=326 2224 363 389 1319 334 319 767837 417 366 364 425 302 898 1218 330 305 1643 333 551 1635 437 1936 446 324 825 388 552 329 567 514
leaf_count=326 2224 363 389 1319 334 319 767837 417 366 364 425 302 898 1218 330 305 1643 333 551 1635 437 1936 446 324 825 388 552 329 567 514
internal_value=0.000324696 1.23027 3.88073 0.392607 -0.606852 0.101811 -0.00448428 0.283259 0.14738 -0.764077 0.716826 1.98303 0.452305 -1.78029 2.17517 0.114498 0.328665 -1.6863 1.53932 0.761291 0.885761 -0.00874897 -0.412502 0.0782748 -0.649974 -0.26025 -1.38641 0.665064 1.22495 0.44164
internal_weight=788216 3050 715 2335 1016 682 785166 11448 10701 2675 1091 727 8026 1584 747 6140 5502 638 1886 3859 1335 773718 5881 3945 2418 2094 940 1154 1527 1081
internal_count=788216 3050 715 2335 1016 682 785166 11448 10701 2675 1091 727 8026 1584 747 6140 5502 638 1886 3859 1335 773718 5881 3945 2418 2094 940 1154 1527 1081
is_linear=0
shrinkage=0.03


Tree=37
num_leaves=31
num_cat=0
split_feature=6 20 14 38 38 28 23 24 17 18 24 37 39 14 37 24 24 23 27 23 23 29 23 24 10 39 6 35 21 38
split_gain=5.29158e+06 8.40154e+06 3.72447e+06 9.61101e+06 3.43297e+06 1.30363e+06 1.2596e+06 2.5229e+06 1.78626e+06 1.33044e+06 1.35459e+06 1.74583e+06 1.09406e+06 1.00202e+06 3.09246e+06 1.69143e+06 1.67901e+06 1.49362e+06 1.22622e+06 1.19311e+06 1.0562e+06 795821 1.40012e+06 835640 1.0222e+06 768936 830530 750269 703174 702521
threshold=-0.10130058228969573 -2.5045680999755855 0.013832231983542444 0.87837970256805431 0.6078576147556306 0.01693794131278992 -0.10383784398436545 0.0081926956772804278 0.80177271366119396 -0.037116374820470803 0.0037625109544023876 -0.92794367671012867 1.0000000180025095e-35 0.0097247981466352957 -0.09801131114363669 0.0069482645485550174 0.0061478684656322011 -0.039361126720905297 0.64569067955017101 -0.026240106672048565 -0.073072373867034898 0.77568110823631298 0.11852745339274408 0.0052269590087234983 1.4507420063018801 1.0000000180025095e-35 -0.061768779531121247 0.80548200011253368 0.26781907677650457 0.87837970256805431
decision_type=2 2 2 2 2 2 2 2 2 2 2 2 2 2 2 2 2 2 2 2 2 2 2 2 2 2 2 2 2 2
left_child=1 -1 3 5 -4 12 7 -2 -9 10 25 -12 -3 15 -15 16 17 18 -13 -17 -20 29 23 -23 -25 27 -27 -8 -16 -11
right_child=6 2 4 -5 -6 -7 9 8 -10 21 11 13 -14 14 28 19 -18 -19 20 -21 -22 22 -24 24 -26 26 -28 -29 -30 -31
leaf_value=5.267323601052091 0.7482343153805191 1.2765869089852264 0.43138819832791653 -4.7506957222405308 4.2646854122499427 2.4311115307687738 -1.1314778962515426 -0.40897790909761728 -3.4984226558131053 -0.027363809068669753 1.8914584070478102 -1.4857744027328279 -0.55283559835501728 -2.3248210070870425 -0.11630177514840943 2.2512374171308198 -1.2853464849035166 1.7640411826887068 1.0358006479473207 0.17555748771191859 -0.08150395904526167 0.12521465745634985 -1.5232539463309305 1.5036920824712665 0.10421807142717021 1.0769658901366319 -0.19147032501887307 -0.068550812061994287 1.8795280878993152 0.056319052650669076
leaf_weight=386 438 569 449 314 384 347 884 310 365 635383 769 316 571 436 303 758 517 678 1370 372 1678 27845 428 887 981 805 1052 1772 309 105223
leaf_count=386 438 569 449 314 384 347 884 310 365 635383 769 316 571 436 303 758 517 678 1370 372 1678 27845 428 887 981 805 1052 1772 309 105223
internal_value=-0.00103648 1.24818 0.623935 -0.147903 2.25704 0.874188 -0.00588096 -1.00544 -2.13217 -0.00443406 0.308504 0.554948 0.366538 0.397244 -0.448801 0.554125 0.293343 0.500603 0.237042 1.58285 0.424175 -0.00932188 0.141735 0.166726 0.777633 -0.10202 0.364007 -0.428139 0.918986 -0.0154732
internal_weight=786899 3020 2634 1801 833 1487 783879 1113 675 782766 12019 7506 1140 6737 1048 5689 4559 4042 3364 1130 3048 770747 30141 29713 1868 4513 1857 2656 612 740606
internal_count=786899 3020 2634 1801 833 1487 783879 1113 675 782766 12019 7506 1140 6737 1048 5689 4559 4042 3364 1130 3048 770747 30141 29713 1868 4513 1857 2656 612 740606
is_linear=0
shrinkage=0.03


Tree=38
num_leaves=31
num_cat=0
split_feature=6 22 14 38 4 28 23 38 18 36 19 17 4 36 19 25 6 37 25 6 24 37 5 14 36 37 7 28 19 39
split_gain=5.53793e+06 7.12253e+06 3.96991e+06 8.42366e+06 2.72213e+06 2.50737e+06 1.61108e+06 3.08134e+06 1.27474e+06 3.62239e+06 2.7487e+06 1.60094e+06 2.041e+06 1.33373e+06 1.49353e+06 1.18248e+06 1.06148e+06 937070 904187 1.27583e+06 1.90397e+06 2.99232e+06 1.02928e+06 1.69273e+06 1.29733e+06 940717 922895 2.6733e+06 2.46372e+06 1.61196e+06
threshold=-0.10130058228969573 2.3964841365814213 0.013832231983542444 0.6078576147556306 -0.030272495001554486 0.014815651811659338 -0.10383784398436545 0.6078576147556306 -0.037116374820470803 0.18436925113201144 0.0039331458974629649 1.1802898049354555 -0.040076375007629388 -0.90159028768539418 0.0050849933177232751 -2.1903139352798457 -0.073337569832801805 0.26932403445243841 -0.77904444932937611 -0.020851296372711655 0.0096393921412527579 -0.50938662886619557 0.024435264058411125 0.0051608297508209952 -0.91080963611602772 0.41268247365951544 0.21541757881641391 0.011747638694941999 0.010926144663244488 1.0000000180025095e-35
decision_type=2 2 2 2 2 2 2 2 2 2 2 2 2 2 2 2 2 2 2 2 2 2 2 2 2 2 2 2 2 2
left_child=1 2 3 5 -4 -1 7 16 9 10 -8 12 -12 -14 -15 -13 -2 -11 -10 20 22 -22 23 -20 -25 -24 -21 29 -29 -28
right_child=6 -3 4 -5 -6 -7 8 -9 18 17 11 15 13 14 -16 -17 -18 -19 19 26 21 -23 25 24 -26 -27 27 28 -30 -31
leaf_value=0.26161088383899012 0.7078515353023892 4.4380314438356514 3.9829794888177386 -3.1056352211782081 0.49681093728398701 3.2262500384593311 -0.16442885623804451 -3.6248492872640488 -0.056763864627373428 0.052648488767987001 -0.48805701681284769 1.1400956402461331 0.073756488055565589 0.44451988675531079 2.4703874551157545 2.656901301127399 -1.3683909412297313 -0.782465033852207 0.10275363076020767 0.0088413278079132185 3.6440236614581787 0.18897494895707515 0.14894468871464256 -0.50157520503496489 1.2886652983818985 -1.9919410209411397 -0.59465097605550687 -2.362567446501302 0.23052919477931236 1.4528714554602802
leaf_weight=745 503 511 406 577 395 375 2133 300 233000 2661 926 1177 654 536 866 809 365 2193 11755 520330 360 561 373 433 2003 341 688 906 507 660
leaf_count=745 503 511 406 577 395 375 2133 300 233000 2661 926 1177 654 536 866 809 365 2193 11755 520330 360 561 373 433 2003 341 688 906 507 660
internal_value=0.000644515 1.28094 0.604989 -0.221062 2.31781 1.29342 -0.00429526 -1.10823 -0.00262212 0.304529 0.735455 1.12093 0.674193 1.19732 1.71302 1.7783 -0.176379 -0.326312 -0.00738686 0.0139625 0.279165 1.58823 0.196256 0.252599 0.968956 -0.899939 0.00592852 -0.539126 -1.4419 0.41443
internal_weight=788049 3009 2498 1697 801 1120 785040 1168 783872 11955 7101 4968 2982 2056 1402 1986 868 4854 771917 538917 15826 921 14905 14191 2436 714 523091 2761 1413 1348
internal_count=788049 3009 2498 1697 801 1120 785040 1168 783872 11955 7101 4968 2982 2056 1402 1986 868 4854 771917 538917 15826 921 14905 14191 2436 714 523091 2761 1413 1348
is_linear=0
shrinkage=0.03


Tree=39
num_leaves=31
num_cat=0
split_feature=18 14 37 24 0 28 37 19 37 36 23 29 26 13 36 14 23 23 25 26 16 24 14 36 19 19 19 16 39 37
split_gain=4.61387e+06 4.93292e+06 7.31478e+06 4.00569e+06 2.80767e+06 1.97427e+06 6.44194e+06 2.50235e+06 1.88837e+06 1.70341e+06 1.27013e+06 1.15042e+06 1.14139e+06 1.03828e+06 3.59333e+06 4.19847e+06 2.68426e+06 2.48118e+06 2.30978e+06 2.64685e+06 1.91381e+06 3.39457e+06 1.90951e+06 2.86058e+06 2.08598e+06 1.8199e+06 1.68539e+06 1.50383e+06 1.31812e+06 1.29887e+06
threshold=-0.051163958385586732 0.013832231983542444 -0.72982063889503468 0.010910729877650739 -0.0025147026171907778 0.014815651811659338 0.56457334756851207 0.008812751621007921 -0.18436925113201139 0.20576497167348864 -0.073072373867034898 0.21631959825754168 0.17159540951251986 0.020852930843830112 0.91959547996521007 0.0042593909893184909 0.032930653542280204 0.096422266215085997 2.5917702913284306 0.89946538209915172 0.65728601813316356 0.013075615745037796 0.0097247981466352957 -0.35222910344600672 0.005821553524583579 0.0096929511055350321 0.0050849933177232751 0.81273114681243908 1.0000000180025095e-35 1.0000000180025095e-35
decision_type=2 2 2 2 2 2 2 2 2 2 2 2 2 2 2 2 2 2 2 2 2 2 2 2 2 2 2 2 2 2
left_child=1 3 -3 5 -4 8 7 -7 9 10 -1 -10 -13 -2 17 -16 -17 20 25 -20 -15 22 24 -24 26 28 -22 -26 -19 -18
right_child=13 2 4 -5 -6 6 -8 -9 11 -11 -12 12 -14 14 15 16 29 18 19 -21 21 -23 23 -25 27 -27 -28 -29 -30 -31
leaf_value=3.4109413622972391 -0.011829754980089972 6.3949603770785819 2.8212455059786357 -2.4445471861698382 -0.93112365425599586 1.4466120105236768 4.6795066856037986 -1.5582805544792173 0.79482739947477721 0.0079995203716680396 0.82845983805841417 -1.1701326226204023 0.80308932176491488 2.0961617959845902 -0.16904198975328888 4.0493291241211056 0.31347593806697249 -1.8581729180445397 1.9710030200998105 -0.77840427327874318 0.16890522027278185 -2.2243058612565982 2.7612942622301073 -0.3339386514841472 0.51428122280400457 -2.7789348008418986 1.1161385410598013 -0.83195097500431658 0.021925063884558796 2.4822004647114513
leaf_weight=343 753185 311 333 381 350 628 411 386 614 620 357 1152 325 439 1100 490 543 551 487 814 14251 514 599 468 987 559 1900 2910 813 449
leaf_count=343 753185 311 333 381 350 628 411 386 614 620 357 1152 325 439 1100 490 543 551 487 814 14251 514 599 468 987 559 1900 2910 813 449
internal_value=0.00131286 0.814424 2.7299 0.440435 0.926577 0.676858 1.60665 0.294722 0.281321 1.16091 2.15347 -0.279682 -0.731015 -0.00517371 0.174559 1.23615 2.26751 0.0652927 -0.709509 0.265034 0.179026 0.138214 0.197775 1.42252 0.131239 -1.36477 0.28158 -0.490103 -0.753434 1.32474
internal_weight=787270 6211 994 5217 683 4836 1425 1014 3411 1320 700 2091 1477 781059 27874 2582 1482 25292 3224 1301 22068 21629 21115 1067 20048 1923 16151 3897 1364 992
internal_count=787270 6211 994 5217 683 4836 1425 1014 3411 1320 700 2091 1477 781059 27874 2582 1482 25292 3224 1301 22068 21629 21115 1067 20048 1923 16151 3897 1364 992
is_linear=0
shrinkage=0.03


Tree=40
num_leaves=31
num_cat=0
split_feature=8 5 36 7 36 39 3 18 23 38 7 13 20 28 36 28 9 36 36 18 19 21 14 39 17 7 8 36 39 25
split_gain=4.18227e+06 8.84133e+06 3.75368e+06 2.33198e+06 1.67185e+06 1.00766e+06 885824 2.05421e+06 1.65038e+06 1.20547e+07 2.82694e+06 3.35822e+06 2.2441e+06 1.73116e+06 1.55194e+06 1.57157e+06 1.3611e+06 2.27084e+06 1.62792e+06 2.51674e+06 1.23055e+06 3.0591e+06 2.89291e+06 2.54089e+06 1.71475e+06 1.36079e+06 1.31512e+06 1.20813e+06 2.69104e+06 1.45404e+06
threshold=-0.02388083282858133 -0.077312938868999467 -0.16288578510284421 -0.11966032162308692 0.5464349389076234 1.0000000180025095e-35 0.012994271237403156 -0.051163958385586732 -0.10383784398436545 0.87837970256805431 -0.11966032162308692 -0.004763504257425665 -1.6372454166412351 0.011747638694941999 0.63435554504394542 0.01693794131278992 0.011529905255883934 0.47136868536472326 -0.22706275433301923 -0.006525475997477769 0.0096929511055350321 0.85210478305816661 0.0097247981466352957 0.81174489855766307 0.91723823547363292 0.07215773314237596 0.010181988123804333 -0.72982063889503468 -0.56174489110708226 -1.8568543195724485
decision_type=2 2 2 2 2 2 2 2 2 2 2 2 2 2 2 2 2 2 2 2 2 2 2 2 2 2 2 2 2 2
left_child=1 2 -1 -3 5 -5 8 -8 9 14 11 12 -10 -13 15 -2 -12 18 19 -18 -9 22 -22 24 26 -23 -24 -14 -29 -30
right_child=6 3 -4 4 -6 -7 7 20 10 -11 16 13 27 -15 -16 -17 17 -19 -20 -21 21 25 23 -25 -26 -27 -28 28 29 -31
leaf_value=5.6702718290330116 -0.045220394460371391 -1.8996253263910612 1.7490395679275195 1.8159696345995453 -1.1472276716979581 0.07488992082917556 2.3028132286660083 0.13974438803755665 1.0702197777647207 -5.5942387202772812 -0.016078040496487946 1.2273119943152484 0.85597370293553821 3.5473849983499233 -0.93495612717966603 2.4443099068388552 1.9873948062163087 -1.1467827503688635 3.2492390755906655 -1.1332689807209044 -2.2163223234633236 -0.73724204407632354 2.1043523610213839 2.9400810400823527 -1.3892164806548362 -3.1721041700291468 -0.28382177006683967 1.1647704519923912 0.060981531107425685 -2.3821214414941663
leaf_weight=398 490 430 520 694 382 518 365 46044 1445 369 726985 1052 442 402 506 406 583 380 317 362 357 420 386 336 446 419 416 395 305 751
leaf_count=398 490 430 520 694 382 518 365 46044 1445 369 726985 1052 442 402 506 406 583 380 317 362 357 420 386 336 446 419 416 395 305 751
internal_value=0.00094309 1.12611 3.53375 0.0102134 0.54257 1.08514 -0.00330571 0.119921 -0.0115534 -0.921123 -0.009332 0.715418 0.187586 1.90819 0.370202 1.11159 -0.014118 0.843424 1.45124 0.793254 0.102666 -0.508064 0.150108 0.704436 0.0656513 -1.99877 0.888833 -0.490307 -0.90647 -1.68847
internal_weight=787321 2942 918 2024 1594 1212 784379 49189 735190 1771 733419 4792 3338 1454 1402 896 728627 1642 1262 945 48824 2780 1941 1584 1248 839 802 1893 1451 1056
internal_count=787321 2942 918 2024 1594 1212 784379 49189 735190 1771 733419 4792 3338 1454 1402 896 728627 1642 1262 945 48824 2780 1941 1584 1248 839 802 1893 1451 1056
is_linear=0
shrinkage=0.03


Tree=41
num_leaves=31
num_cat=0
split_feature=6 27 36 21 36 9 13 36 14 37 7 26 24 6 36 5 19 14 28 26 14 5 37 8 18 26 37 5 19 37
split_gain=4.83473e+06 7.86656e+06 3.12108e+06 6.72103e+06 6.30656e+06 1.83045e+06 878613 2.48403e+06 3.4723e+06 2.43863e+06 1.93696e+06 2.65484e+06 2.77983e+06 1.57914e+06 1.53816e+06 2.61709e+06 2.85334e+06 2.07487e+06 1.83313e+06 1.27498e+06 1.16731e+06 2.14545e+06 1.9186e+06 1.14521e+06 1.0638e+06 966138 902573 799260 1.06353e+06 2.5128e+06
threshold=-0.10130058228969573 3.9339872598648076 -0.14132478833198545 0.3408286720514298 -0.72982063889503468 0.011529905255883934 0.020852930843830112 0.91959547996521007 0.0045015192590653905 0.032717135734856136 0.17402186244726184 0.82204285264015209 0.0087271830998361128 0.070453658699989333 -0.56457334756851185 0.090840518474578871 0.010926144663244488 0.011052998714149 0.014815651811659338 0.66874161362648021 0.0066709362436085948 0.025314746424555782 -0.18436925113201139 0.0039058879483491187 0.035979721695184715 0.93096521496772777 -0.56457334756851185 0.040089605376124389 0.0044504078105092057 0.99275061488151561
decision_type=2 2 2 2 2 2 2 2 2 2 2 2 2 2 2 2 2 2 2 2 2 2 2 2 2 2 2 2 2 2
left_child=1 2 4 5 -1 -4 27 10 -9 13 14 -12 23 -10 17 18 -17 20 19 24 25 -22 -23 -13 -16 -8 -27 28 -2 -30
right_child=6 -3 3 -5 -6 -7 7 8 9 -11 11 12 -14 -15 15 16 -18 -19 -20 -21 21 22 -24 -25 -26 26 -28 -29 29 -31
leaf_value=-0.31533518183220932 -0.016437793428660356 5.2927244260609951 -0.0042627659278141484 -4.0117065351577219 4.3132474018623039 2.3900952494569174 0.75696846642425641 -0.1014459086218672 2.0992821052564707 3.594864423474025 1.6453594026998861 0.98745668340069892 -3.1183875925486788 -0.55001678837126 -0.30335984378316722 -0.33913555864600381 -3.863633922499381 2.206447042666535 1.7171798253056114 0.14869263384171985 1.7962486160180784 -2.0164627945705216 0.20655089317798944 -1.013238158012072 -1.8121861443970653 1.0184772467932222 -0.21700847217903918 -0.31061079384084339 0.073542000835823101 1.031882940807803
leaf_weight=552 687474 351 905 313 485 401 4610 1244 459 549 322 330 492 339 2302 577 306 542 549 8947 310 672 699 972 498 669 2319 7798 59493 2549
leaf_count=552 687474 351 905 313 485 401 4610 1244 459 549 322 330 492 339 2302 577 306 542 549 8947 310 672 699 972 498 669 2319 7798 59493 2549
internal_value=0.00183771 1.19848 0.621901 -0.203546 1.89008 0.755873 -0.00277642 0.163091 1.0438 2.08747 0.071478 -0.792801 -1.24374 0.987897 0.151611 -0.0602107 -1.61906 0.435404 0.0541806 -0.0263268 0.327432 -0.38455 -0.896393 -0.498882 -0.582665 0.485549 0.0645439 -0.00884897 -0.00570122 0.113235
internal_weight=788028 3007 2656 1619 1037 1306 785021 27707 2591 1347 25116 2116 1794 798 23000 13179 883 9821 12296 11747 9279 1681 1371 1302 2800 7598 2988 757314 749516 62042
internal_count=788028 3007 2656 1619 1037 1306 785021 27707 2591 1347 25116 2116 1794 798 23000 13179 883 9821 12296 11747 9279 1681 1371 1302 2800 7598 2988 757314 749516 62042
is_linear=0
shrinkage=0.03


end of trees

feature_importances:
time_sin=132
time_cos=130
volatility_288=95
volatility_48=73
return_288=70
sma_distance_96=68
volatility_96=63
week_sin=60
sma_distance_288=58
price_z_288=52
return_96=50
atr_14=50
return_48=36
volatility_12=33
range_position_96=33
price_z_48=28
week_cos=28
range_position_288=27
volume_ratio_288=22
range_position_48=21
sma_distance_48=18
price_z_96=16
return_24=15
return_12=12
return_3=10
rsi_14=10
range=10
sma_distance_12=9
volume_ratio_48=6
volume_ratio_96=5
upper_wick=4
trade_ratio_48=4
return_6=3
price_z_12=3
range_position_12=3
return_1=1
volume_ratio_12=1
body=1

parameters:
[boosting: gbdt]
[objective: regression]
[metric: rmse]
[tree_learner: serial]
[device_type: cpu]
[data_sample_strategy: bagging]
[data: ]
[valid: ]
[num_iterations: 2000]
[learning_rate: 0.03]
[num_leaves: 31]
[num_threads: 6]
[seed: 42]
[deterministic: 1]
[force_col_wise: 1]
[force_row_wise: 0]
[histogram_pool_size: -1]
[max_depth: -1]
[min_data_in_leaf: 300]
[min_sum_hessian_in_leaf: 0.001]
[bagging_fraction: 0.8]
[pos_bagging_fraction: 1]
[neg_bagging_fraction: 1]
[bagging_freq: 1]
[bagging_seed: 400]
[bagging_by_query: 0]
[feature_fraction: 0.85]
[feature_fraction_bynode: 1]
[feature_fraction_seed: 30056]
[extra_trees: 0]
[extra_seed: 12879]
[early_stopping_round: 0]
[early_stopping_min_delta: 0]
[first_metric_only: 0]
[max_delta_step: 0]
[lambda_l1: 0]
[lambda_l2: 20]
[linear_lambda: 0]
[min_gain_to_split: 0]
[drop_rate: 0.1]
[max_drop: 50]
[skip_drop: 0.5]
[xgboost_dart_mode: 0]
[uniform_drop: 0]
[drop_seed: 17869]
[top_rate: 0.2]
[other_rate: 0.1]
[min_data_per_group: 100]
[max_cat_threshold: 32]
[cat_l2: 10]
[cat_smooth: 10]
[max_cat_to_onehot: 4]
[top_k: 20]
[monotone_constraints: ]
[monotone_constraints_method: basic]
[monotone_penalty: 0]
[feature_contri: ]
[forcedsplits_filename: ]
[refit_decay_rate: 0.9]
[cegb_tradeoff: 1]
[cegb_penalty_split: 0]
[cegb_penalty_feature_lazy: ]
[cegb_penalty_feature_coupled: ]
[path_smooth: 0]
[interaction_constraints: ]
[verbosity: -1]
[saved_feature_importance_type: 0]
[use_quantized_grad: 0]
[num_grad_quant_bins: 4]
[quant_train_renew_leaf: 0]
[stochastic_rounding: 1]
[linear_tree: 0]
[max_bin: 255]
[max_bin_by_feature: ]
[min_data_in_bin: 3]
[bin_construct_sample_cnt: 200000]
[data_random_seed: 175]
[is_enable_sparse: 1]
[enable_bundle: 1]
[use_missing: 1]
[zero_as_missing: 0]
[feature_pre_filter: 1]
[pre_partition: 0]
[two_round: 0]
[header: 0]
[label_column: ]
[weight_column: ]
[group_column: ]
[ignore_column: ]
[categorical_feature: ]
[forcedbins_filename: ]
[precise_float_parser: 0]
[parser_config_file: ]
[objective_seed: 16083]
[num_class: 1]
[is_unbalance: 0]
[scale_pos_weight: 1]
[sigmoid: 1]
[boost_from_average: 1]
[reg_sqrt: 0]
[alpha: 0.9]
[fair_c: 1]
[poisson_max_delta_step: 0.7]
[tweedie_variance_power: 1.5]
[lambdarank_truncation_level: 30]
[lambdarank_norm: 1]
[label_gain: ]
[lambdarank_position_bias_regularization: 0]
[eval_at: ]
[multi_error_top_k: 1]
[auc_mu_weights: ]
[num_machines: 1]
[local_listen_port: 12400]
[time_out: 120]
[machine_list_filename: ]
[machines: ]
[gpu_platform_id: -1]
[gpu_device_id: -1]
[gpu_device_id_list: ]
[gpu_use_dp: 0]
[num_gpu: 1]

end of parameters

pandas_categorical:[]
